runtime,solution cost,initial solution cost,min f value,root g value,iterations,group size,runtime of initial solution,area under curve,preprocessing runtime,solver name,instance name
1.0029,122,122,122,122,727,1,0.000171178,0,0.00128456,LNS(EECBS;PP),lns_agents_fileNamespaceagents1height100memory_limit16obs_density0.01timeout1trials1width100.agents
1.00155,122,122,122,122,729,1,0.000123062,0,0.00119371,LNS(EECBS;PP),lns_agents_fileNamespaceagents1height100memory_limit16obs_density0.01timeout1trials1width100.agents
1.00178,122,122,122,122,727,1,0.000123929,0,0.00126661,LNS(EECBS;PP),lns_agents_fileNamespaceagents1height100memory_limit16obs_density0.01timeout1trials1width100.agents
1.00038,122,122,122,122,719,1,0.000131644,0,0.00131349,LNS(EECBS;PP),lns_agents_fileNamespaceagents1height100memory_limit16obs_density0.01timeout1trials1width100.agents
1.0001,122,122,122,122,726,1,0.000125053,0,0.0011666,LNS(EECBS;PP),lns_agents_fileNamespaceagents1height100memory_limit16obs_density0.01timeout1trials1width100.agents
1.00111,122,122,122,122,704,1,0.000121359,0,0.0011732,LNS(EECBS;PP),lns_agents_fileNamespaceagents1height100memory_limit16obs_density0.01timeout1trials1width100.agents
1.0027,122,122,122,122,690,1,0.000121203,0,0.00117186,LNS(EECBS;PP),lns_agents_fileNamespaceagents1height100memory_limit16obs_density0.01timeout1trials1width100.agents
1.00323,122,122,122,122,711,1,0.000130018,0,0.00119862,LNS(EECBS;PP),lns_agents_fileNamespaceagents1height100memory_limit16obs_density0.01timeout1trials1width100.agents
2.88423,-1,-1,842,842,1,-1,2.88423,1588.41,0.0122949,LNS(EECBS;PP),lns_agents_fileNamespaceagents10height100memory_limit16obs_density0.01timeout1trials1width100.agents
2.93542,-1,-1,842,842,1,-1,2.93542,1631.56,0.0125147,LNS(EECBS;PP),lns_agents_fileNamespaceagents10height100memory_limit16obs_density0.01timeout1trials1width100.agents
1.00033,105,105,105,105,703,2,0.000240054,0,0.0023777,LNS(EECBS;PP),lns_agents_fileNamespaceagents2height100memory_limit16obs_density0.01timeout1trials1width100.agents
1.00206,297,297,297,297,603,3,0.000387219,0,0.00358253,LNS(EECBS;PP),lns_agents_fileNamespaceagents3height100memory_limit16obs_density0.01timeout1trials1width100.agents
1.00022,166,166,166,166,651,4,0.000244453,0,0.00490956,LNS(EECBS;PP),lns_agents_fileNamespaceagents4height100memory_limit16obs_density0.01timeout1trials1width100.agents
1.00032,328,328,328,328,944,5,0.000426192,0,0.00607415,LNS(EECBS;PP),lns_agents_fileNamespaceagents5height100memory_limit16obs_density0.01timeout1trials1width100.agents
1.00002,340,340,340,340,828,5,0.000496837,0,0.00739212,LNS(EECBS;PP),lns_agents_fileNamespaceagents6height100memory_limit16obs_density0.01timeout1trials1width100.agents
1,476,476,476,476,831,5,0.000615215,0,0.00865226,LNS(EECBS;PP),lns_agents_fileNamespaceagents7height100memory_limit16obs_density0.01timeout1trials1width100.agents
1.00113,577,577,577,577,776,5,0.000792301,0,0.00976525,LNS(EECBS;PP),lns_agents_fileNamespaceagents8height100memory_limit16obs_density0.01timeout1trials1width100.agents
1.00026,-1,-1,1073742378,1073742378,1,-1,1.00026,277632,0.0108545,LNS(EECBS;PP),lns_agents_fileNamespaceagents9height100memory_limit16obs_density0.01timeout1trials1width100.agents
1.00014,-1,-1,1073742378,1073742378,1,-1,1.00014,147712,0.0111247,LNS(EECBS;PP),lns_agents_fileNamespaceagents9height100memory_limit16obs_density0.01timeout1trials1width100.agents
1.00011,76,76,76,76,5559,3,0.00011476,0,0.00036126,LNS(EECBS;PP),lns_agents_fileNamespaceagents3height32memory_limit16obs_density0.01timeout1trials1width32.agents
1.00449,-1,-1,1073741994,1073741994,1,-1,1.00449,4.82406e+06,0.00123013,LNS(EECBS;PP),lns_agents_fileNamespaceagents10height32memory_limit16obs_density0.01timeout1trials1width32.agents
1.00001,121,121,121,121,1369,5,0.000178539,0,0.00114001,LNS(EECBS;PP),lns_agents_fileNamespaceagents9height32memory_limit16obs_density0.01timeout1trials1width32.agents
1.00003,476,476,476,476,831,5,0.000623702,0,0.0085942,LNS(EECBS;PP),lns_agents_fileNamespaceagents7height100memory_limit16obs_density0.01timeout1trials1width100.agents
1.00005,577,577,577,577,779,5,0.000783848,0,0.00985652,LNS(EECBS;PP),lns_agents_fileNamespaceagents8height100memory_limit16obs_density0.01timeout1trials1width100.agents
1.00049,-1,-1,1073742378,1073742378,1,-1,1.00049,523136,0.0118176,LNS(EECBS;PP),lns_agents_fileNamespaceagents9height100memory_limit16obs_density0.01timeout1trials1width100.agents
1.00002,-1,-1,1073742378,1073742378,1,-1,1.00002,22528,0.0111132,LNS(EECBS;PP),lns_agents_fileNamespaceagents9height100memory_limit16obs_density0.01timeout1trials1width100.agents
1.00004,577,577,577,577,776,5,0.000802061,0,0.00992973,LNS(EECBS;PP),lns_agents_fileNamespaceagents8height100memory_limit16obs_density0.01timeout1trials1width100.agents
1.00018,-1,-1,1073742378,1073742378,1,-1,1.00018,195712,0.0111354,LNS(EECBS;PP),lns_agents_fileNamespaceagents9height100memory_limit16obs_density0.01timeout1trials1width100.agents
1.00034,-1,-1,1073742378,1073742378,1,-1,1.00034,367872,0.0113624,LNS(EECBS;PP),lns_agents_fileNamespaceagents9height100memory_limit16obs_density0.01timeout1trials1width100.agents
1.00005,-1,-1,1073742378,1073742378,1,-1,1.00005,49920,0.0117533,LNS(EECBS;PP),lns_agents_fileNamespaceagents9height100memory_limit16obs_density0.01timeout1trials1width100.agents
1.00022,-1,-1,1073742378,1073742378,1,-1,1.00022,235392,0.0113841,LNS(EECBS;PP),lns_agents_fileNamespaceagents9height100memory_limit16obs_density0.01timeout1trials1width100.agents
1.0008,-1,-1,1411,1411,1,-1,1.0008,1.12945,0.0251949,LNS(EECBS;PP),lns_agents_fileNamespaceagents20height100memory_limit16obs_density0.01timeout1trials1width100.agents
1.00373,-1,-1,1411,1411,1,-1,1.00373,5.26482,0.0246837,LNS(EECBS;PP),lns_agents_fileNamespaceagents20height100memory_limit16obs_density0.01timeout1trials1width100.agents
1.00206,-1,-1,1411,1411,1,-1,1.00206,2.90863,0.0266615,LNS(EECBS;PP),lns_agents_fileNamespaceagents20height100memory_limit16obs_density0.01timeout1trials1width100.agents
1.00347,-1,-1,29,29,1,-1,1.00347,0.104227,0.00117471,LNS(EECBS;PP),lns_agents_fileNamespaceagents20height100memory_limit16obs_density0.01timeout1trials1width100.agents
1.00447,-1,-1,77,77,1,-1,1.00447,0.348659,0.00235421,LNS(EECBS;PP),lns_agents_fileNamespaceagents20height100memory_limit16obs_density0.01timeout1trials1width100.agents
1.00157,-1,-1,77,77,1,-1,1.00157,0.122292,0.00234774,LNS(EECBS;PP),lns_agents_fileNamespaceagents20height100memory_limit16obs_density0.01timeout1trials1width100.agents
1.00414,186,186,186,186,652,2,0.000248681,0,0.00240513,LNS(EECBS;PP),lns_agents_fileNamespaceagents20height100memory_limit16obs_density0.01timeout1trials1width100.agents
1.00144,-1,-1,77,77,1,-1,1.00144,0.112659,0.00239503,LNS(EECBS;PP),lns_agents_fileNamespaceagents20height100memory_limit16obs_density0.01timeout1trials1width100.agents
1.00114,165,165,165,165,678,2,0.000193646,0,0.00248389,LNS(EECBS;PP),lns_agents_fileNamespaceagents20height100memory_limit16obs_density0.01timeout1trials1width100.agents
1.00002,785,785,785,785,758,5,0.00114605,0,0.012712,LNS(EECBS;PP),lns_agents_fileNamespaceagents20height100memory_limit16obs_density0.01timeout1trials1width100.agents
1.00095,994,994,994,994,642,5,0.00139874,0,0.0190155,LNS(EECBS;PP),lns_agents_fileNamespaceagents20height100memory_limit16obs_density0.01timeout1trials1width100.agents
1.00551,-1,-1,1411,1411,1,-1,1.00551,7.78193,0.0267148,LNS(EECBS;PP),lns_agents_fileNamespaceagents20height100memory_limit16obs_density0.01timeout1trials1width100.agents
1.00203,164,164,164,164,636,2,0.00020909,0,0.00240539,LNS(EECBS;PP),lns_agents_fileNamespaceagents20height100memory_limit16obs_density0.01timeout1trials1width100.agents
1.00337,-1,-1,77,77,1,-1,1.00337,0.26305,0.00240522,LNS(EECBS;PP),lns_agents_fileNamespaceagents20height100memory_limit16obs_density0.01timeout1trials1width100.agents
1.00447,-1,-1,1411,1411,1,-1,1.00447,6.31819,0.0253494,LNS(EECBS;PP),lns_agents_fileNamespaceagents20height100memory_limit16obs_density0.01timeout1trials1width100.agents
1.00512,-1,-1,1411,1411,1,-1,1.00512,7.22613,0.0262679,LNS(EECBS;PP),lns_agents_fileNamespaceagents20height100memory_limit16obs_density0.01timeout1trials1width100.agents
1.00156,-1,-1,77,77,1,-1,1.00156,0.121529,0.00238566,LNS(EECBS;PP),lns_agents_fileNamespaceagents20height100memory_limit16obs_density0.01timeout1trials1width100.agents
1.00469,-1,-1,29,29,1,-1,1.00469,0.140766,0.00121251,LNS(EECBS;PP),lns_agents_fileNamespaceagents20height100memory_limit16obs_density0.01timeout1trials1width100.agents
1.00171,-1,-1,1411,1411,1,-1,1.00171,2.42066,0.0262656,LNS(EECBS;PP),lns_agents_fileNamespaceagents20height100memory_limit16obs_density0.01timeout1trials1width100.agents
1.00521,-1,-1,1411,1411,1,-1,1.00521,7.36163,0.0253618,LNS(EECBS;PP),lns_agents_fileNamespaceagents20height100memory_limit16obs_density0.01timeout1trials1width100.agents
1.00471,-1,-1,1411,1411,1,-1,1.00471,6.64928,0.0247681,LNS(EECBS;PP),lns_agents_fileNamespaceagents20height100memory_limit16obs_density0.01timeout1trials1width100.agents
1.00296,-1,-1,1411,1411,1,-1,1.00296,4.18301,0.0249342,LNS(EECBS;PP),lns_agents_fileNamespaceagents20height100memory_limit16obs_density0.01timeout1trials1width100.agents
1.00551,-1,-1,1411,1411,1,-1,1.00551,7.77503,0.0253049,LNS(EECBS;PP),lns_agents_fileNamespaceagents20height100memory_limit16obs_density0.01timeout1trials1width100.agents
1.00192,-1,-1,774,774,1,-1,1.00192,1.48817,0.0125977,LNS(EECBS;PP),lns_agents_fileNamespaceagents20height100memory_limit16obs_density0.01timeout1trials1width100.agents
1.00426,-1,-1,411,411,1,-1,1.00426,1.75431,0.00623319,LNS(EECBS;PP),lns_agents_fileNamespaceagents20height100memory_limit16obs_density0.01timeout1trials1width100.agents
1.00014,1382,1382,1382,1382,583,5,0.00201021,0,0.0239871,LNS(EECBS;PP),lns_agents_fileNamespaceagents20height100memory_limit16obs_density0.01timeout1trials1width100.agents
3.02469,-1,-1,1411,1411,1,-1,3.02469,2858.86,0.0641983,LNS(EECBS;PP),lns_agents_fileNamespaceagents20height100memory_limit16obs_density0.01timeout1trials1width100.agents
1.80236,-1,-1,1411,1411,1,-1,1.80236,1132.94,0.0248827,LNS(EECBS;PP),lns_agents_fileNamespaceagents20height100memory_limit16obs_density0.01timeout1trials1width100.agents
1.87889,-1,-1,1411,1411,1,-1,1.87889,1240.99,0.0258268,LNS(EECBS;PP),lns_agents_fileNamespaceagents20height100memory_limit16obs_density0.01timeout1trials1width100.agents
1.00242,-1,-1,1073744083,1073744083,1,-1,1.00242,2.59316e+06,0.0371635,LNS(EECBS;PP),lns_agents_fileNamespaceagents30height100memory_limit16obs_density0.01timeout1trials1width100.agents
1.00226,-1,-1,1073744083,1073744083,1,-1,1.00226,2.43188e+06,0.0397341,LNS(EECBS;PP),lns_agents_fileNamespaceagents30height100memory_limit16obs_density0.01timeout1trials1width100.agents
10.002,-1,-1,1073744083,1073744083,1,-1,10.002,2.18727e+06,0.0384886,LNS(EECBS;PP),lns_agents_fileNamespaceagents30height100memory_limit16obs_density0.01timeout1trials1width100.agents
1.00021,-1,-1,1411,1411,1,-1,1.00021,0.297259,0.0316575,LNS(EECBS;PP),lns_agents_fileNamespaceagents20height100memory_limit16obs_density0.01timeout1trials1width100.agents
1.00428,-1,-1,1411,1411,1,-1,1.00428,6.04046,0.0682245,LNS(EECBS;PP),lns_agents_fileNamespaceagents20height100memory_limit16obs_density0.01timeout1trials1width100.agents
1.00003,785,785,785,785,615,5,0.00185574,0,0.0209595,LNS(EECBS;PP),lns_agents_fileNamespaceagents20height100memory_limit16obs_density0.01timeout1trials1width100.agents
1.00086,1382,1382,1382,1382,465,5,0.00236492,0,0.0581787,LNS(EECBS;PP),lns_agents_fileNamespaceagents20height100memory_limit16obs_density0.01timeout1trials1width100.agents
6.14578,-1,-1,1411,1411,1,-1,6.14578,7265.85,0.0611001,LNS(EECBS;PP),lns_agents_fileNamespaceagents20height100memory_limit16obs_density0.01timeout1trials1width100.agents
1.00799,-1,-1,1411,1411,1,-1,1.00799,11.2884,0.0443323,LNS(EECBS;PP),lns_agents_fileNamespaceagents20height100memory_limit16obs_density0.01timeout1trials1width100.agents
1.0001,1382,1382,1382,1382,389,5,0.00294617,0,0.034994,LNS(EECBS;PP),lns_agents_fileNamespaceagents20height100memory_limit16obs_density0.01timeout1trials1width100.agents
2.0002,1413,1413,1413,1413,685,5,0.0026906,0,0.0263038,LNS(EECBS;PP),lns_agents_fileNamespaceagents20height100memory_limit16obs_density0.01timeout2trials1width100.agents
2.00005,1413,1413,1413,1413,685,5,0.00233474,0,0.0266471,LNS(EECBS;PP),lns_agents_fileNamespaceagents20height100memory_limit16obs_density0.01timeout2trials1width100.agents
2.00007,1413,1413,1413,1413,682,5,0.00236441,0,0.0293232,LNS(EECBS;PP),lns_agents_fileNamespaceagents20height100memory_limit16obs_density0.01timeout2trials1width100.agents
2.02501,-1,-1,1073743158,1073743158,1,-1,2.02501,2.68491e+07,0.0326472,LNS(EECBS;PP),lns_agents_fileNamespaceagents20height100memory_limit16obs_density0.1timeout2trials1width100.agents
2.04466,-1,-1,1073743158,1073743158,1,-1,2.04466,4.79532e+07,0.0399961,LNS(EECBS;PP),lns_agents_fileNamespaceagents20height100memory_limit16obs_density0.1timeout2trials1width100.agents
2.00004,52,52,52,52,22251,3,0.000114082,0,0.000155869,LNS(EECBS;PP),lns_agents_fileNamespaceagents3height20memory_limit16obs_density0.1timeout2trials1width20.agents
2.00001,52,52,52,52,21726,3,0.000160971,0,0.000268783,LNS(EECBS;PP),lns_agents_fileNamespaceagents3height20memory_limit16obs_density0.1timeout2trials1width20.agents
0.00406943,52,52,52,52,34,3,0.000164193,0,0.000271083,LNS(EECBS;PP),lns_agents_fileNamespaceagents3height20memory_limit16obs_density0.1timeout2trials1width20.agents
2.0001,52,52,52,52,22193,3,0.000105898,0,0.000167727,LNS(EECBS;PP),lns_agents_fileNamespaceagents3height20memory_limit16obs_density0.1timeout2trials1width20.agents
2.00001,52,52,52,52,22848,3,0.000137282,0,0.000150208,LNS(EECBS;PP),lns_agents_fileNamespaceagents3height20memory_limit16obs_density0.1timeout2trials1width20.agents
2.00024,1413,1413,1413,1413,682,5,0.00228523,0,0.0273165,LNS(EECBS;PP),lns_agents_fileNamespaceagents20height100memory_limit16obs_density0.01timeout2trials10width100.agents
2.00035,1413,1413,1413,1413,687,5,0.00230679,0,0.0276841,LNS(EECBS;PP),lns_agents_fileNamespaceagents20height100memory_limit16obs_density0.01timeout2trials10width100.agents
2.00031,1413,1413,1413,1413,682,5,0.00231537,0,0.0268202,LNS(EECBS;PP),lns_agents_fileNamespaceagents20height100memory_limit16obs_density0.01timeout2trials10width100.agents
2.00043,1218,1218,1218,1218,702,5,0.00203846,0,0.0269049,LNS(EECBS;PP),lns_agents_fileNamespaceagents20height100memory_limit16obs_density0.01timeout2trials10width100.agents
2.00031,1316,1316,1316,1316,711,5,0.00215934,0,0.0265949,LNS(EECBS;PP),lns_agents_fileNamespaceagents20height100memory_limit16obs_density0.01timeout2trials10width100.agents
2.00013,1186,1186,1186,1186,714,5,0.00191341,0,0.0267351,LNS(EECBS;PP),lns_agents_fileNamespaceagents20height100memory_limit16obs_density0.01timeout2trials10width100.agents
3.07596,-1,-1,1073743154,1073743154,1,-1,3.07596,1.15531e+09,0.026268,LNS(EECBS;PP),lns_agents_fileNamespaceagents20height100memory_limit16obs_density0.01timeout2trials10width100.agents
2.00015,1413,1413,1413,1413,687,5,0.00228092,0,0.0268263,LNS(EECBS;PP),lns_agents_fileNamespaceagents20height100memory_limit16obs_density0.01timeout2trials10width100.agents
2.00002,1218,1218,1218,1218,704,5,0.00197821,0,0.0263917,LNS(EECBS;PP),lns_agents_fileNamespaceagents20height100memory_limit16obs_density0.01timeout2trials10width100.agents
2.00008,1316,1316,1316,1316,711,5,0.00213405,0,0.0267041,LNS(EECBS;PP),lns_agents_fileNamespaceagents20height100memory_limit16obs_density0.01timeout2trials10width100.agents
2.00025,1186,1186,1186,1186,710,5,0.00196466,0,0.0261088,LNS(EECBS;PP),lns_agents_fileNamespaceagents20height100memory_limit16obs_density0.01timeout2trials10width100.agents
3.07896,-1,-1,1073743154,1073743154,1,-1,3.07896,1.15853e+09,0.0269612,LNS(EECBS;PP),lns_agents_fileNamespaceagents20height100memory_limit16obs_density0.01timeout2trials10width100.agents
2.00009,1413,1413,1413,1413,682,5,0.00244147,0,0.0271902,LNS(EECBS;PP),lns_agents_fileNamespaceagents20height100memory_limit16obs_density0.01timeout2trials1width100.agents
2.00034,1413,1413,1413,1413,694,5,0.00453731,0,0.0270116,LNS(EECBS;PP),lns_agents_fileNamespaceagents20height100memory_limit16obs_density0.01timeout2trials10width100.agents
2.48031,-1,-1,1218,1218,1,-1,2.48031,585.497,0.0308977,LNS(EECBS;PP),lns_agents_fileNamespaceagents20height100memory_limit16obs_density0.01timeout2trials10width100.agents
2.03752,-1,-1,1073743185,1073743185,1,-1,2.03752,4.02832e+07,0.0238786,LNS(EECBS;PP),lns_agents_fileNamespaceagents20height100memory_limit16obs_density0.1timeout2trials10width100.agents
2.02848,-1,-1,1073743185,1073743185,1,-1,2.02848,3.05838e+07,0.0239375,LNS(EECBS;PP),lns_agents_fileNamespaceagents20height100memory_limit16obs_density0.1timeout2trials10width100.agents
2.00001,-1,-1,1073741865,1073741865,1,-1,2.00001,8448,7.5849e-05,LNS(EECBS;PP),lns_agents_fileNamespaceagents7height8memory_limit16obs_density0.1timeout2trials10width8.agents
2.00004,-1,-1,1073741851,1073741851,1,-1,2.00004,39424,6.8492e-05,LNS(EECBS;PP),lns_agents_fileNamespaceagents7height8memory_limit16obs_density0.1timeout2trials10width8.agents
2,50,51,50,50,1786,4.99832,0.00015834,0.000201696,9.5169e-05,LNS(EECBS;PP),lns_agents_fileNamespaceagents7height8memory_limit16obs_density0.1timeout2trials10width8.agents
2.00002,-1,-1,1073741851,1073741851,1,-1,2.00002,19200,8.1868e-05,LNS(EECBS;PP),lns_agents_fileNamespaceagents7height8memory_limit16obs_density0.1timeout2trials10width8.agents
2.00001,-1,-1,1073741852,1073741852,1,-1,2.00001,15872,5.8871e-05,LNS(EECBS;PP),lns_agents_fileNamespaceagents7height8memory_limit16obs_density0.1timeout2trials10width8.agents
2,-1,-1,1073741844,1073741844,1,-1,2,2304,6.8566e-05,LNS(EECBS;PP),lns_agents_fileNamespaceagents7height8memory_limit16obs_density0.1timeout2trials10width8.agents
2,49,52,47,47,55125,4.30486,0.000308744,4.00027,9.3295e-05,LNS(EECBS;PP),lns_agents_fileNamespaceagents7height8memory_limit16obs_density0.1timeout2trials10width8.agents
2,30,32,29,29,57895,4.2992,0.000135466,2.00036,6.2523e-05,LNS(EECBS;PP),lns_agents_fileNamespaceagents7height8memory_limit16obs_density0.1timeout2trials10width8.agents
2,50,50,50,50,1783,5,0.000121221,0,6.0987e-05,LNS(EECBS;PP),lns_agents_fileNamespaceagents7height8memory_limit16obs_density0.1timeout2trials10width8.agents
2,34,34,34,34,1792,5,0.000200231,0,6.448e-05,LNS(EECBS;PP),lns_agents_fileNamespaceagents7height8memory_limit16obs_density0.1timeout2trials10width8.agents
2,30,32,30,30,1805,5,0.000102515,0.000136248,8.313e-05,LNS(EECBS;PP),lns_agents_fileNamespaceagents7height8memory_limit16obs_density0.1timeout2trials10width8.agents
2,29,29,29,29,1804,5,8.494e-05,0,6.5021e-05,LNS(EECBS;PP),lns_agents_fileNamespaceagents7height8memory_limit16obs_density0.1timeout2trials10width8.agents
2,38,38,38,38,1789,5,0.000162862,0,6.0853e-05,LNS(EECBS;PP),lns_agents_fileNamespaceagents7height8memory_limit16obs_density0.1timeout2trials10width8.agents
2,51,52,50,50,52088,4.34761,0.000122141,1.99997,6.9436e-05,LNS(EECBS;PP),lns_agents_fileNamespaceagents7height8memory_limit16obs_density0.1timeout2trials10width8.agents
2,36,36,36,36,1801,5,0.000207278,0,6.543e-05,LNS(EECBS;PP),lns_agents_fileNamespaceagents7height8memory_limit16obs_density0.1timeout2trials10width8.agents
2,36,37,36,36,1802,5,0.000100387,8.7232e-05,7.0813e-05,LNS(EECBS;PP),lns_agents_fileNamespaceagents7height8memory_limit16obs_density0.1timeout2trials10width8.agents
2.00037,1421,1421,1421,1421,688,5,0.00220676,0,0.0242494,LNS(EECBS;PP),lns_agents_fileNamespaceagents20height100memory_limit16obs_density0.1timeout2trials10width100.agents
2.00038,1222,1222,1222,1222,719,5,0.00186822,0,0.0237644,LNS(EECBS;PP),lns_agents_fileNamespaceagents20height100memory_limit16obs_density0.1timeout2trials10width100.agents
2.00037,1316,1316,1316,1316,678,5,0.0020991,0,0.0242549,LNS(EECBS;PP),lns_agents_fileNamespaceagents20height100memory_limit16obs_density0.1timeout2trials10width100.agents
2.00029,1208,1208,1208,1208,702,5,0.00206442,0,0.0237324,LNS(EECBS;PP),lns_agents_fileNamespaceagents20height100memory_limit16obs_density0.1timeout2trials10width100.agents
2.00007,1401,1401,1401,1401,697,5,0.00316538,0,0.0242588,LNS(EECBS;PP),lns_agents_fileNamespaceagents20height100memory_limit16obs_density0.1timeout2trials10width100.agents
2.00025,1515,1515,1515,1515,710,5,0.00410432,0,0.0247048,LNS(EECBS;PP),lns_agents_fileNamespaceagents20height100memory_limit16obs_density0.1timeout2trials10width100.agents
2.00013,1396,1396,1396,1396,708,5,0.00211182,0,0.0240458,LNS(EECBS;PP),lns_agents_fileNamespaceagents20height100memory_limit16obs_density0.1timeout2trials10width100.agents
2.0002,1092,1092,1092,1092,736,5,0.0017512,0,0.0240978,LNS(EECBS;PP),lns_agents_fileNamespaceagents20height100memory_limit16obs_density0.1timeout2trials10width100.agents
2.00037,1023,1023,1023,1023,716,5,0.00407136,0,0.0243445,LNS(EECBS;PP),lns_agents_fileNamespaceagents20height100memory_limit16obs_density0.1timeout2trials10width100.agents
2.00007,1264,1264,1264,1262,703,5,0.00250295,3.99499,0.0239923,LNS(EECBS;PP),lns_agents_fileNamespaceagents20height100memory_limit16obs_density0.1timeout2trials10width100.agents
2.00009,1421,1421,1421,1421,696,5,0.00221486,0,0.0239276,LNS(EECBS;PP),lns_agents_fileNamespaceagents20height100memory_limit16obs_density0.1timeout2trials10width100.agents
2.00022,1222,1222,1222,1222,719,5,0.00189334,0,0.0247891,LNS(EECBS;PP),lns_agents_fileNamespaceagents20height100memory_limit16obs_density0.1timeout2trials10width100.agents
2.00001,1316,1316,1316,1316,696,5,0.00202372,0,0.0240011,LNS(EECBS;PP),lns_agents_fileNamespaceagents20height100memory_limit16obs_density0.1timeout2trials10width100.agents
2.0003,1208,1208,1208,1208,705,5,0.00218206,0,0.0238499,LNS(EECBS;PP),lns_agents_fileNamespaceagents20height100memory_limit16obs_density0.1timeout2trials10width100.agents
2.00004,1401,1401,1401,1401,707,5,0.00227279,0,0.0243933,LNS(EECBS;PP),lns_agents_fileNamespaceagents20height100memory_limit16obs_density0.1timeout2trials10width100.agents
2.00036,1515,1515,1515,1515,712,5,0.00412617,0,0.0239838,LNS(EECBS;PP),lns_agents_fileNamespaceagents20height100memory_limit16obs_density0.1timeout2trials10width100.agents
2.00018,1396,1396,1396,1396,708,5,0.00217412,0,0.0244621,LNS(EECBS;PP),lns_agents_fileNamespaceagents20height100memory_limit16obs_density0.1timeout2trials10width100.agents
2.00036,1092,1092,1092,1092,737,5,0.00177473,0,0.023806,LNS(EECBS;PP),lns_agents_fileNamespaceagents20height100memory_limit16obs_density0.1timeout2trials10width100.agents
2.00027,1023,1023,1023,1023,714,5,0.00426398,0,0.0243198,LNS(EECBS;PP),lns_agents_fileNamespaceagents20height100memory_limit16obs_density0.1timeout2trials10width100.agents
2.00036,1264,1264,1264,1262,704,5,0.00255375,3.99489,0.0247653,LNS(EECBS;PP),lns_agents_fileNamespaceagents20height100memory_limit16obs_density0.1timeout2trials10width100.agents
2.00009,1421,1421,1421,1421,692,5,0.00222276,0,0.0241893,LNS(EECBS;PP),lns_agents_fileNamespaceagents20height100memory_limit16obs_density0.1timeout2trials10width100.agents
2.00024,1222,1222,1222,1222,717,5,0.00180885,0,0.0236601,LNS(EECBS;PP),lns_agents_fileNamespaceagents20height100memory_limit16obs_density0.1timeout2trials10width100.agents
2.00016,1316,1316,1316,1316,688,5,0.00191352,0,0.0232653,LNS(EECBS;PP),lns_agents_fileNamespaceagents20height100memory_limit16obs_density0.1timeout2trials10width100.agents
2.00029,1208,1208,1208,1208,701,5,0.00203134,0,0.0241594,LNS(EECBS;PP),lns_agents_fileNamespaceagents20height100memory_limit16obs_density0.1timeout2trials10width100.agents
2.00024,1401,1401,1401,1401,706,5,0.00213093,0,0.0237432,LNS(EECBS;PP),lns_agents_fileNamespaceagents20height100memory_limit16obs_density0.1timeout2trials10width100.agents
2.00013,1515,1515,1515,1515,709,5,0.00411563,0,0.0244863,LNS(EECBS;PP),lns_agents_fileNamespaceagents20height100memory_limit16obs_density0.1timeout2trials10width100.agents
2.00022,1396,1396,1396,1396,709,5,0.00212421,0,0.0236078,LNS(EECBS;PP),lns_agents_fileNamespaceagents20height100memory_limit16obs_density0.1timeout2trials10width100.agents
2.00001,1092,1092,1092,1092,733,5,0.00179073,0,0.0242497,LNS(EECBS;PP),lns_agents_fileNamespaceagents20height100memory_limit16obs_density0.1timeout2trials10width100.agents
2.00004,1023,1023,1023,1023,699,5,0.0048572,0,0.0282114,LNS(EECBS;PP),lns_agents_fileNamespaceagents20height100memory_limit16obs_density0.1timeout2trials10width100.agents
2.00046,1264,1264,1264,1262,666,5,0.00315267,3.99369,0.030468,LNS(EECBS;PP),lns_agents_fileNamespaceagents20height100memory_limit16obs_density0.1timeout2trials10width100.agents
2.00017,1421,1421,1421,1421,706,5,0.0024228,0,0.0216966,LNS(EECBS;PP),lns_agents_fileNamespaceagents20height100memory_limit16obs_density0.1timeout2trials3width100.agents
2.00021,1222,1222,1222,1222,740,5,0.00164762,0,0.0219149,LNS(EECBS;PP),lns_agents_fileNamespaceagents20height100memory_limit16obs_density0.1timeout2trials3width100.agents
2.00008,1316,1316,1316,1316,704,5,0.00172786,0,0.0220269,LNS(EECBS;PP),lns_agents_fileNamespaceagents20height100memory_limit16obs_density0.1timeout2trials3width100.agents
2.00028,1421,1421,1421,1421,708,5,0.00194174,0,0.0221429,LNS(EECBS;PP),lns_agents_fileNamespaceagents20height100memory_limit16obs_density0.1timeout2trials3width100.agents
2.00022,1222,1222,1222,1222,740,5,0.00170008,0,0.0221143,LNS(EECBS;PP),lns_agents_fileNamespaceagents20height100memory_limit16obs_density0.1timeout2trials3width100.agents
2.00016,1316,1316,1316,1316,710,5,0.00180205,0,0.0219311,LNS(EECBS;PP),lns_agents_fileNamespaceagents20height100memory_limit16obs_density0.1timeout2trials3width100.agents
2.00109,844,844,844,844,987,5,0.00106011,0,0.0112912,LNS(EECBS;PP),lns_agents_fileNamespaceagents10height100memory_limit16obs_density0.05timeout2trials30width100.agents
2.00034,596,596,596,596,990,5,0.000895507,0,0.0117871,LNS(EECBS;PP),lns_agents_fileNamespaceagents10height100memory_limit16obs_density0.05timeout2trials30width100.agents
2.00006,844,844,844,844,988,5,0.00110502,0,0.0114936,LNS(EECBS;PP),lns_agents_fileNamespaceagents10height100memory_limit16obs_density0.05timeout2trials30width100.agents
2.00001,596,596,596,596,990,5,0.000896346,0,0.0116925,LNS(EECBS;PP),lns_agents_fileNamespaceagents10height100memory_limit16obs_density0.05timeout2trials30width100.agents
2.00005,672,672,672,672,998,5,0.000905864,0,0.0115626,LNS(EECBS;PP),lns_agents_fileNamespaceagents10height100memory_limit16obs_density0.05timeout2trials30width100.agents
2.00003,765,765,765,765,984,5,0.00229813,0,0.0115205,LNS(EECBS;PP),lns_agents_fileNamespaceagents10height100memory_limit16obs_density0.05timeout2trials30width100.agents
2.00006,653,653,653,653,987,5,0.000878871,0,0.0116225,LNS(EECBS;PP),lns_agents_fileNamespaceagents10height100memory_limit16obs_density0.05timeout2trials30width100.agents
2.00002,769,769,769,769,993,5,0.000950894,0,0.0112666,LNS(EECBS;PP),lns_agents_fileNamespaceagents10height100memory_limit16obs_density0.05timeout2trials30width100.agents
2.00001,780,780,780,780,996,5,0.00233913,0,0.0113354,LNS(EECBS;PP),lns_agents_fileNamespaceagents10height100memory_limit16obs_density0.05timeout2trials30width100.agents
2.00006,733,733,733,733,997,5,0.000954162,0,0.0113829,LNS(EECBS;PP),lns_agents_fileNamespaceagents10height100memory_limit16obs_density0.05timeout2trials30width100.agents
2.00006,648,648,648,648,998,5,0.000880805,0,0.0113574,LNS(EECBS;PP),lns_agents_fileNamespaceagents10height100memory_limit16obs_density0.05timeout2trials30width100.agents
2.00002,544,544,544,544,978,5,0.000718131,0,0.0114034,LNS(EECBS;PP),lns_agents_fileNamespaceagents10height100memory_limit16obs_density0.05timeout2trials30width100.agents
2.00008,636,636,636,636,989,5,0.000829379,0,0.0113997,LNS(EECBS;PP),lns_agents_fileNamespaceagents10height100memory_limit16obs_density0.05timeout2trials30width100.agents
2.00017,612,612,612,612,978,5,0.000797498,0,0.0114383,LNS(EECBS;PP),lns_agents_fileNamespaceagents10height100memory_limit16obs_density0.05timeout2trials30width100.agents
2.00002,674,674,674,674,989,5,0.000887429,0,0.0117536,LNS(EECBS;PP),lns_agents_fileNamespaceagents10height100memory_limit16obs_density0.05timeout2trials30width100.agents
2.00002,525,525,525,525,990,5,0.000747395,0,0.0113674,LNS(EECBS;PP),lns_agents_fileNamespaceagents10height100memory_limit16obs_density0.05timeout2trials30width100.agents
2.00002,693,693,693,693,977,5,0.000902549,0,0.0116936,LNS(EECBS;PP),lns_agents_fileNamespaceagents10height100memory_limit16obs_density0.05timeout2trials30width100.agents
2.00008,723,723,723,723,963,5,0.000959497,0,0.0115086,LNS(EECBS;PP),lns_agents_fileNamespaceagents10height100memory_limit16obs_density0.05timeout2trials30width100.agents
2.00003,723,723,723,723,982,5,0.000926681,0,0.0114812,LNS(EECBS;PP),lns_agents_fileNamespaceagents10height100memory_limit16obs_density0.05timeout2trials30width100.agents
2.00008,599,599,599,599,980,5,0.000831098,0,0.0115159,LNS(EECBS;PP),lns_agents_fileNamespaceagents10height100memory_limit16obs_density0.05timeout2trials30width100.agents
2.00007,656,656,656,656,987,5,0.000904858,0,0.0115082,LNS(EECBS;PP),lns_agents_fileNamespaceagents10height100memory_limit16obs_density0.05timeout2trials30width100.agents
2.00003,832,832,832,832,979,5,0.00108355,0,0.0116061,LNS(EECBS;PP),lns_agents_fileNamespaceagents10height100memory_limit16obs_density0.05timeout2trials30width100.agents
2.00011,602,602,602,602,1000,5,0.000825632,0,0.0115941,LNS(EECBS;PP),lns_agents_fileNamespaceagents10height100memory_limit16obs_density0.05timeout2trials30width100.agents
2.00006,732,732,732,732,995,5,0.000944918,0,0.0116634,LNS(EECBS;PP),lns_agents_fileNamespaceagents10height100memory_limit16obs_density0.05timeout2trials30width100.agents
2.00004,658,658,658,658,1002,5,0.000920175,0,0.0114793,LNS(EECBS;PP),lns_agents_fileNamespaceagents10height100memory_limit16obs_density0.05timeout2trials30width100.agents
2.00007,761,761,761,761,977,5,0.00106192,0,0.011632,LNS(EECBS;PP),lns_agents_fileNamespaceagents10height100memory_limit16obs_density0.05timeout2trials30width100.agents
2.00008,705,705,705,705,981,5,0.000920593,0,0.0116083,LNS(EECBS;PP),lns_agents_fileNamespaceagents10height100memory_limit16obs_density0.05timeout2trials30width100.agents
2.00009,876,876,876,876,992,5,0.00110544,0,0.0112335,LNS(EECBS;PP),lns_agents_fileNamespaceagents10height100memory_limit16obs_density0.05timeout2trials30width100.agents
2.00005,517,517,517,517,998,5,0.000676556,0,0.0114581,LNS(EECBS;PP),lns_agents_fileNamespaceagents10height100memory_limit16obs_density0.05timeout2trials30width100.agents
2.00004,770,770,770,770,986,5,0.00182458,0,0.0113989,LNS(EECBS;PP),lns_agents_fileNamespaceagents10height100memory_limit16obs_density0.05timeout2trials30width100.agents
2.00005,626,626,626,626,995,5,0.00157296,0,0.0113858,LNS(EECBS;PP),lns_agents_fileNamespaceagents10height100memory_limit16obs_density0.05timeout2trials30width100.agents
2.00005,564,564,564,564,982,5,0.000751873,0,0.0113999,LNS(EECBS;PP),lns_agents_fileNamespaceagents10height100memory_limit16obs_density0.05timeout2trials30width100.agents
2.00005,1417,1417,1417,1417,719,5,0.00205122,0,0.023092,LNS(EECBS;PP),lns_agents_fileNamespaceagents20height100memory_limit16obs_density0.05timeout2trials30width100.agents
2.00013,1220,1220,1220,1220,731,5,0.00307391,0,0.023661,LNS(EECBS;PP),lns_agents_fileNamespaceagents20height100memory_limit16obs_density0.05timeout2trials30width100.agents
2.00028,1316,1316,1316,1316,718,5,0.00180178,0,0.0231565,LNS(EECBS;PP),lns_agents_fileNamespaceagents20height100memory_limit16obs_density0.05timeout2trials30width100.agents
2.00012,1192,1192,1192,1192,727,5,0.00181964,0,0.0226644,LNS(EECBS;PP),lns_agents_fileNamespaceagents20height100memory_limit16obs_density0.05timeout2trials30width100.agents
2.00028,1401,1401,1401,1401,728,5,0.00210277,0,0.0223904,LNS(EECBS;PP),lns_agents_fileNamespaceagents20height100memory_limit16obs_density0.05timeout2trials30width100.agents
2.00009,1511,1511,1511,1511,730,5,0.00205741,0,0.0231621,LNS(EECBS;PP),lns_agents_fileNamespaceagents20height100memory_limit16obs_density0.05timeout2trials30width100.agents
2.00002,1396,1396,1396,1396,738,5,0.00189405,0,0.0229618,LNS(EECBS;PP),lns_agents_fileNamespaceagents20height100memory_limit16obs_density0.05timeout2trials30width100.agents
2.0004,1078,1078,1078,1078,745,5,0.0015302,0,0.0232088,LNS(EECBS;PP),lns_agents_fileNamespaceagents20height100memory_limit16obs_density0.05timeout2trials30width100.agents
2.00035,1023,1023,1023,1023,732,5,0.00145986,0,0.0225189,LNS(EECBS;PP),lns_agents_fileNamespaceagents20height100memory_limit16obs_density0.05timeout2trials30width100.agents
2.00024,1252,1252,1252,1250,712,5,0.00243812,3.99512,0.0230594,LNS(EECBS;PP),lns_agents_fileNamespaceagents20height100memory_limit16obs_density0.05timeout2trials30width100.agents
2.00017,1271,1271,1271,1271,735,5,0.00357924,0,0.0228481,LNS(EECBS;PP),lns_agents_fileNamespaceagents20height100memory_limit16obs_density0.05timeout2trials30width100.agents
2.00014,1615,1615,1615,1615,723,5,0.00509857,0,0.0229484,LNS(EECBS;PP),lns_agents_fileNamespaceagents20height100memory_limit16obs_density0.05timeout2trials30width100.agents
2.00017,1515,1515,1515,1515,724,5,0.00274933,0,0.0230099,LNS(EECBS;PP),lns_agents_fileNamespaceagents20height100memory_limit16obs_density0.05timeout2trials30width100.agents
2.0001,1115,1115,1114,1114,1754,4.07302,0.00216471,1.99784,0.0226194,LNS(EECBS;PP),lns_agents_fileNamespaceagents20height100memory_limit16obs_density0.05timeout2trials30width100.agents
2.00032,1233,1233,1233,1233,742,5,0.00418121,0,0.0225625,LNS(EECBS;PP),lns_agents_fileNamespaceagents20height100memory_limit16obs_density0.05timeout2trials30width100.agents
2.00018,1437,1437,1437,1437,723,5,0.00304498,0,0.023242,LNS(EECBS;PP),lns_agents_fileNamespaceagents20height100memory_limit16obs_density0.05timeout2trials30width100.agents
2.00024,1319,1319,1319,1319,736,5,0.00191482,0,0.0231718,LNS(EECBS;PP),lns_agents_fileNamespaceagents20height100memory_limit16obs_density0.05timeout2trials30width100.agents
2.0008,1149,1149,1149,1149,733,5,0.00164981,0,0.0233484,LNS(EECBS;PP),lns_agents_fileNamespaceagents20height100memory_limit16obs_density0.05timeout2trials30width100.agents
2.0001,1357,1357,1357,1357,728,5,0.0019859,0,0.0227664,LNS(EECBS;PP),lns_agents_fileNamespaceagents20height100memory_limit16obs_density0.05timeout2trials30width100.agents
2.0002,1247,1247,1247,1247,744,5,0.00187135,0,0.0234841,LNS(EECBS;PP),lns_agents_fileNamespaceagents20height100memory_limit16obs_density0.05timeout2trials30width100.agents
2.00035,1242,1242,1242,1242,728,5,0.00243486,0,0.023188,LNS(EECBS;PP),lns_agents_fileNamespaceagents20height100memory_limit16obs_density0.05timeout2trials30width100.agents
2.00021,1334,1334,1334,1334,717,5,0.00353029,0,0.0228704,LNS(EECBS;PP),lns_agents_fileNamespaceagents20height100memory_limit16obs_density0.05timeout2trials30width100.agents
2.00008,1108,1108,1108,1108,743,5,0.00206584,0,0.0227902,LNS(EECBS;PP),lns_agents_fileNamespaceagents20height100memory_limit16obs_density0.05timeout2trials30width100.agents
2.00002,1373,1373,1373,1373,734,5,0.0019203,0,0.0234027,LNS(EECBS;PP),lns_agents_fileNamespaceagents20height100memory_limit16obs_density0.05timeout2trials30width100.agents
2.0003,1321,1321,1321,1321,721,5,0.00186773,0,0.023418,LNS(EECBS;PP),lns_agents_fileNamespaceagents20height100memory_limit16obs_density0.05timeout2trials30width100.agents
2.00035,1290,1290,1290,1290,728,5,0.00177789,0,0.022981,LNS(EECBS;PP),lns_agents_fileNamespaceagents20height100memory_limit16obs_density0.05timeout2trials30width100.agents
2.00004,1395,1395,1395,1395,721,5,0.00196355,0,0.0227709,LNS(EECBS;PP),lns_agents_fileNamespaceagents20height100memory_limit16obs_density0.05timeout2trials30width100.agents
2.00007,1197,1197,1197,1197,730,5,0.00170213,0,0.0228628,LNS(EECBS;PP),lns_agents_fileNamespaceagents20height100memory_limit16obs_density0.05timeout2trials30width100.agents
2.00031,1267,1267,1267,1267,732,5,0.00175484,0,0.0231321,LNS(EECBS;PP),lns_agents_fileNamespaceagents20height100memory_limit16obs_density0.05timeout2trials30width100.agents
2.00029,1476,1476,1476,1476,724,5,0.00209044,0,0.0231965,LNS(EECBS;PP),lns_agents_fileNamespaceagents20height100memory_limit16obs_density0.05timeout2trials30width100.agents
2.00054,2417,2417,2417,2417,559,5,0.00337224,0,0.0342078,LNS(EECBS;PP),lns_agents_fileNamespaceagents30height100memory_limit16obs_density0.05timeout2trials30width100.agents
2.00033,1731,1733,1731,1731,560,4.98927,0.00491513,0.00820404,0.0340987,LNS(EECBS;PP),lns_agents_fileNamespaceagents30height100memory_limit16obs_density0.05timeout2trials30width100.agents
2.00036,1877,1877,1877,1877,557,5,0.00271838,0,0.0346498,LNS(EECBS;PP),lns_agents_fileNamespaceagents30height100memory_limit16obs_density0.05timeout2trials30width100.agents
2.00069,2076,2076,2076,2076,559,5,0.00351285,0,0.0341771,LNS(EECBS;PP),lns_agents_fileNamespaceagents30height100memory_limit16obs_density0.05timeout2trials30width100.agents
2.00026,1986,1986,1986,1986,573,5,0.00683464,0,0.0346107,LNS(EECBS;PP),lns_agents_fileNamespaceagents30height100memory_limit16obs_density0.05timeout2trials30width100.agents
2.00058,2050,2050,2049,2049,1325,4.21601,0.00306677,1.99693,0.0342562,LNS(EECBS;PP),lns_agents_fileNamespaceagents30height100memory_limit16obs_density0.05timeout2trials30width100.agents
2.00092,2027,2027,2027,2027,547,5,0.00453755,0,0.0343789,LNS(EECBS;PP),lns_agents_fileNamespaceagents30height100memory_limit16obs_density0.05timeout2trials30width100.agents
2.00011,1715,1715,1715,1715,561,5,0.00255397,0,0.0346433,LNS(EECBS;PP),lns_agents_fileNamespaceagents30height100memory_limit16obs_density0.05timeout2trials30width100.agents
2.00002,1996,1996,1996,1996,576,5,0.00457582,0,0.0346498,LNS(EECBS;PP),lns_agents_fileNamespaceagents30height100memory_limit16obs_density0.05timeout2trials30width100.agents
2.00062,1925,1927,1925,1925,564,4.99467,0.00366778,0.0022035,0.034317,LNS(EECBS;PP),lns_agents_fileNamespaceagents30height100memory_limit16obs_density0.05timeout2trials30width100.agents
2.00011,1583,1583,1583,1583,561,5,0.0055988,0,0.03447,LNS(EECBS;PP),lns_agents_fileNamespaceagents30height100memory_limit16obs_density0.05timeout2trials30width100.agents
2.00067,1989,1989,1989,1989,575,5,0.00290019,0,0.0356584,LNS(EECBS;PP),lns_agents_fileNamespaceagents30height100memory_limit16obs_density0.05timeout2trials30width100.agents
2.00068,2113,2113,2113,2113,558,5,0.00375032,0,0.0342034,LNS(EECBS;PP),lns_agents_fileNamespaceagents30height100memory_limit16obs_density0.05timeout2trials30width100.agents
2.00083,2225,2225,2225,2225,559,5,0.00319692,0,0.0346368,LNS(EECBS;PP),lns_agents_fileNamespaceagents30height100memory_limit16obs_density0.05timeout2trials30width100.agents
2.00155,1839,1840,1839,1839,552,4.98911,0.00523257,0.00966057,0.0350931,LNS(EECBS;PP),lns_agents_fileNamespaceagents30height100memory_limit16obs_density0.05timeout2trials30width100.agents
2.00035,2188,2188,2188,2188,555,5,0.00890124,0,0.0348997,LNS(EECBS;PP),lns_agents_fileNamespaceagents30height100memory_limit16obs_density0.05timeout2trials30width100.agents
2.00065,2151,2151,2148,2148,947,4.34672,0.00662678,5.98012,0.0352076,LNS(EECBS;PP),lns_agents_fileNamespaceagents30height100memory_limit16obs_density0.05timeout2trials30width100.agents
2.00059,2197,2197,2197,2197,558,5,0.00315562,0,0.0349496,LNS(EECBS;PP),lns_agents_fileNamespaceagents30height100memory_limit16obs_density0.05timeout2trials30width100.agents
2.00041,1841,1843,1841,1841,544,5,0.0102851,0.163544,0.034638,LNS(EECBS;PP),lns_agents_fileNamespaceagents30height100memory_limit16obs_density0.05timeout2trials30width100.agents
2.00056,1905,1905,1905,1905,564,5,0.00267217,0,0.0341504,LNS(EECBS;PP),lns_agents_fileNamespaceagents30height100memory_limit16obs_density0.05timeout2trials30width100.agents
2.00001,2024,2024,2024,2024,558,5,0.00301533,0,0.0351875,LNS(EECBS;PP),lns_agents_fileNamespaceagents30height100memory_limit16obs_density0.05timeout2trials30width100.agents
2.00008,1913,1914,1913,1911,448,4.61298,0.0249828,3.97043,0.0342755,LNS(EECBS;PP),lns_agents_fileNamespaceagents30height100memory_limit16obs_density0.05timeout2trials30width100.agents
2.00005,2159,2159,2159,2159,547,5,0.00646795,0,0.0338963,LNS(EECBS;PP),lns_agents_fileNamespaceagents30height100memory_limit16obs_density0.05timeout2trials30width100.agents
2.00003,1986,1988,1986,1986,576,4.99478,0.00663584,0.00577258,0.0354118,LNS(EECBS;PP),lns_agents_fileNamespaceagents30height100memory_limit16obs_density0.05timeout2trials30width100.agents
2.00065,2280,2280,2280,2280,543,5,0.00332845,0,0.0348364,LNS(EECBS;PP),lns_agents_fileNamespaceagents30height100memory_limit16obs_density0.05timeout2trials30width100.agents
2.0005,1863,1863,1863,1863,568,5,0.00539214,0,0.0345447,LNS(EECBS;PP),lns_agents_fileNamespaceagents30height100memory_limit16obs_density0.05timeout2trials30width100.agents
2.00002,2122,2122,2122,2122,555,5,0.00305418,0,0.034589,LNS(EECBS;PP),lns_agents_fileNamespaceagents30height100memory_limit16obs_density0.05timeout2trials30width100.agents
2.00011,2029,2029,2029,2029,538,5,0.00625577,0,0.0350608,LNS(EECBS;PP),lns_agents_fileNamespaceagents30height100memory_limit16obs_density0.05timeout2trials30width100.agents
2.00142,1905,1905,1905,1905,547,5,0.00691511,0,0.0348774,LNS(EECBS;PP),lns_agents_fileNamespaceagents30height100memory_limit16obs_density0.05timeout2trials30width100.agents
2.00064,2045,2045,2045,2045,558,5,0.00479635,0,0.0344378,LNS(EECBS;PP),lns_agents_fileNamespaceagents30height100memory_limit16obs_density0.05timeout2trials30width100.agents
2.00037,2584,2586,2584,2584,441,5,0.00698833,0.0043075,0.0456102,LNS(EECBS;PP),lns_agents_fileNamespaceagents40height100memory_limit16obs_density0.05timeout2trials30width100.agents
2.00083,2894,2895,2894,2894,439,4.9863,0.00458144,0.024978,0.0458253,LNS(EECBS;PP),lns_agents_fileNamespaceagents40height100memory_limit16obs_density0.05timeout2trials30width100.agents
2.00069,2714,2715,2714,2714,431,4.99302,0.0112956,0.0178918,0.046502,LNS(EECBS;PP),lns_agents_fileNamespaceagents40height100memory_limit16obs_density0.05timeout2trials30width100.agents
2.00004,2918,2918,2918,2918,437,5,0.00528644,0,0.0457897,LNS(EECBS;PP),lns_agents_fileNamespaceagents40height100memory_limit16obs_density0.05timeout2trials30width100.agents
2.00148,2718,2719,2718,2718,439,4.99315,0.00812141,0.0057925,0.0471355,LNS(EECBS;PP),lns_agents_fileNamespaceagents40height100memory_limit16obs_density0.05timeout2trials30width100.agents
2.00061,2578,2578,2577,2577,833,4.1851,0.00802371,1.99198,0.0461431,LNS(EECBS;PP),lns_agents_fileNamespaceagents40height100memory_limit16obs_density0.05timeout2trials30width100.agents
2.00143,2831,2831,2831,2831,422,5,0.00664607,0,0.0455426,LNS(EECBS;PP),lns_agents_fileNamespaceagents40height100memory_limit16obs_density0.05timeout2trials30width100.agents
2.00084,2657,2657,2656,2656,792,4.41846,0.00601849,1.99398,0.0459804,LNS(EECBS;PP),lns_agents_fileNamespaceagents40height100memory_limit16obs_density0.05timeout2trials30width100.agents
2.00052,2591,2593,2591,2591,440,5,0.00385508,0.0122451,0.0465637,LNS(EECBS;PP),lns_agents_fileNamespaceagents40height100memory_limit16obs_density0.05timeout2trials30width100.agents
2.00148,3145,3147,3144,3144,798,4.22459,0.00582066,2.0298,0.0466302,LNS(EECBS;PP),lns_agents_fileNamespaceagents40height100memory_limit16obs_density0.05timeout2trials30width100.agents
2.00104,2724,2725,2724,2724,425,4.98585,0.00806756,0.0071309,0.0457815,LNS(EECBS;PP),lns_agents_fileNamespaceagents40height100memory_limit16obs_density0.05timeout2trials30width100.agents
2.00237,3032,3033,3032,3032,441,4.98636,0.0108814,0.019302,0.046738,LNS(EECBS;PP),lns_agents_fileNamespaceagents40height100memory_limit16obs_density0.05timeout2trials30width100.agents
2.00147,2693,2693,2693,2693,438,5,0.00637745,0,0.045997,LNS(EECBS;PP),lns_agents_fileNamespaceagents40height100memory_limit16obs_density0.05timeout2trials30width100.agents
2.00041,2201,2201,2201,2201,444,5,0.00625404,0,0.0457156,LNS(EECBS;PP),lns_agents_fileNamespaceagents40height100memory_limit16obs_density0.05timeout2trials30width100.agents
2.00109,2520,2520,2520,2520,438,5,0.00502025,0,0.0461511,LNS(EECBS;PP),lns_agents_fileNamespaceagents40height100memory_limit16obs_density0.05timeout2trials30width100.agents
2.00041,2406,2406,2406,2406,439,5,0.00463641,0,0.0452319,LNS(EECBS;PP),lns_agents_fileNamespaceagents40height100memory_limit16obs_density0.05timeout2trials30width100.agents
2.00141,2786,2786,2786,2786,439,5,0.00847439,0,0.0461176,LNS(EECBS;PP),lns_agents_fileNamespaceagents40height100memory_limit16obs_density0.05timeout2trials30width100.agents
2.00134,2393,2393,2392,2392,848,4.24911,0.00712558,1.99287,0.0452618,LNS(EECBS;PP),lns_agents_fileNamespaceagents40height100memory_limit16obs_density0.05timeout2trials30width100.agents
2.00066,2665,2665,2664,2664,804,4.30386,0.0046979,1.9953,0.0462175,LNS(EECBS;PP),lns_agents_fileNamespaceagents40height100memory_limit16obs_density0.05timeout2trials30width100.agents
2.00282,2817,2817,2817,2817,437,5,0.0100888,0,0.0458127,LNS(EECBS;PP),lns_agents_fileNamespaceagents40height100memory_limit16obs_density0.05timeout2trials30width100.agents
2.00235,2763,2764,2762,2762,843,4.16627,0.00755091,2.00003,0.0451171,LNS(EECBS;PP),lns_agents_fileNamespaceagents40height100memory_limit16obs_density0.05timeout2trials30width100.agents
2.00065,2809,2809,2809,2809,415,5,0.00695165,0,0.0471406,LNS(EECBS;PP),lns_agents_fileNamespaceagents40height100memory_limit16obs_density0.05timeout2trials30width100.agents
2.0004,2817,2817,2817,2817,435,5,0.00604505,0,0.0455709,LNS(EECBS;PP),lns_agents_fileNamespaceagents40height100memory_limit16obs_density0.05timeout2trials30width100.agents
2.00005,2549,2549,2548,2548,785,4.2551,0.00609617,1.9939,0.045861,LNS(EECBS;PP),lns_agents_fileNamespaceagents40height100memory_limit16obs_density0.05timeout2trials30width100.agents
2.00047,2859,2859,2859,2859,433,5,0.00437642,0,0.0455542,LNS(EECBS;PP),lns_agents_fileNamespaceagents40height100memory_limit16obs_density0.05timeout2trials30width100.agents
2.00054,2606,2606,2606,2606,429,5,0.00397256,0,0.0457504,LNS(EECBS;PP),lns_agents_fileNamespaceagents40height100memory_limit16obs_density0.05timeout2trials30width100.agents
2.00013,2637,2639,2637,2637,452,4.98226,0.00863746,0.0437199,0.0461966,LNS(EECBS;PP),lns_agents_fileNamespaceagents40height100memory_limit16obs_density0.05timeout2trials30width100.agents
2.00037,2732,2732,2731,2731,732,4.20246,0.00891091,1.99109,0.0460784,LNS(EECBS;PP),lns_agents_fileNamespaceagents40height100memory_limit16obs_density0.05timeout2trials30width100.agents
2.00081,2541,2541,2541,2541,426,5,0.00938146,0,0.0460699,LNS(EECBS;PP),lns_agents_fileNamespaceagents40height100memory_limit16obs_density0.05timeout2trials30width100.agents
2.00027,2684,2684,2684,2684,437,5,0.00976917,0,0.0458528,LNS(EECBS;PP),lns_agents_fileNamespaceagents40height100memory_limit16obs_density0.05timeout2trials30width100.agents
2.00277,3293,3293,3293,3293,341,5,0.00554334,0,0.0561439,LNS(EECBS;PP),lns_agents_fileNamespaceagents50height100memory_limit16obs_density0.05timeout2trials30width100.agents
2.00097,2842,2842,2842,2842,355,5,0.00882916,0,0.0571594,LNS(EECBS;PP),lns_agents_fileNamespaceagents50height100memory_limit16obs_density0.05timeout2trials30width100.agents
2.00143,3556,3556,3554,3554,397,4.58333,0.0076271,3.98475,0.0587822,LNS(EECBS;PP),lns_agents_fileNamespaceagents50height100memory_limit16obs_density0.05timeout2trials30width100.agents
2.00008,3103,3103,3102,3102,555,4.49097,0.00654112,1.99346,0.0580149,LNS(EECBS;PP),lns_agents_fileNamespaceagents50height100memory_limit16obs_density0.05timeout2trials30width100.agents
2.00412,3252,3253,3251,3251,568,4.4709,0.00713798,2.0153,0.0565114,LNS(EECBS;PP),lns_agents_fileNamespaceagents50height100memory_limit16obs_density0.05timeout2trials30width100.agents
2.00083,3439,3439,3439,3439,327,5,0.0087311,0,0.0570621,LNS(EECBS;PP),lns_agents_fileNamespaceagents50height100memory_limit16obs_density0.05timeout2trials30width100.agents
2.00008,3489,3489,3489,3489,333,5,0.0115757,0,0.0587766,LNS(EECBS;PP),lns_agents_fileNamespaceagents50height100memory_limit16obs_density0.05timeout2trials30width100.agents
2.00426,3135,3135,3134,3134,599,4.47826,0.00854369,1.99146,0.0569268,LNS(EECBS;PP),lns_agents_fileNamespaceagents50height100memory_limit16obs_density0.05timeout2trials30width100.agents
2.00298,3088,3088,3087,3087,608,4.18946,0.00648165,1.99352,0.0584751,LNS(EECBS;PP),lns_agents_fileNamespaceagents50height100memory_limit16obs_density0.05timeout2trials30width100.agents
2.00001,3622,3626,3621,3621,573,4.31469,0.0163046,2.22661,0.0577344,LNS(EECBS;PP),lns_agents_fileNamespaceagents50height100memory_limit16obs_density0.05timeout2trials30width100.agents
2.00025,3338,3339,3337,3337,588,4.22147,0.00820205,2.05838,0.0569328,LNS(EECBS;PP),lns_agents_fileNamespaceagents50height100memory_limit16obs_density0.05timeout2trials30width100.agents
2.00055,3166,3167,3164,3164,641,4.1875,0.00896154,3.99048,0.0574975,LNS(EECBS;PP),lns_agents_fileNamespaceagents50height100memory_limit16obs_density0.05timeout2trials30width100.agents
2.00468,3633,3633,3633,3633,326,5,0.00648537,0,0.0566907,LNS(EECBS;PP),lns_agents_fileNamespaceagents50height100memory_limit16obs_density0.05timeout2trials30width100.agents
2.00078,3298,3298,3298,3298,330,5,0.0091643,0,0.0578909,LNS(EECBS;PP),lns_agents_fileNamespaceagents50height100memory_limit16obs_density0.05timeout2trials30width100.agents
2.00217,3702,3702,3702,3700,344,5,0.0134441,3.97311,0.0564337,LNS(EECBS;PP),lns_agents_fileNamespaceagents50height100memory_limit16obs_density0.05timeout2trials30width100.agents
2.00044,3872,3873,3872,3872,347,4.98555,0.00982833,0.0229318,0.0571635,LNS(EECBS;PP),lns_agents_fileNamespaceagents50height100memory_limit16obs_density0.05timeout2trials30width100.agents
2.00143,3364,3364,3364,3364,339,5,0.0130716,0,0.0572803,LNS(EECBS;PP),lns_agents_fileNamespaceagents50height100memory_limit16obs_density0.05timeout2trials30width100.agents
2.0002,3241,3241,3241,3241,331,5,0.0140566,0,0.0580482,LNS(EECBS;PP),lns_agents_fileNamespaceagents50height100memory_limit16obs_density0.05timeout2trials30width100.agents
2.0038,3238,3238,3238,3238,351,5,0.0116512,0,0.0570247,LNS(EECBS;PP),lns_agents_fileNamespaceagents50height100memory_limit16obs_density0.05timeout2trials30width100.agents
2.0011,3187,3189,3187,3187,349,4.98276,0.0131067,0.0251418,0.0573406,LNS(EECBS;PP),lns_agents_fileNamespaceagents50height100memory_limit16obs_density0.05timeout2trials30width100.agents
2.00024,3275,3276,3275,3275,343,4.99123,0.0113586,0.00834291,0.0568949,LNS(EECBS;PP),lns_agents_fileNamespaceagents50height100memory_limit16obs_density0.05timeout2trials30width100.agents
2.00018,3602,3603,3600,3600,334,4.99099,0.00749408,3.99019,0.0579256,LNS(EECBS;PP),lns_agents_fileNamespaceagents50height100memory_limit16obs_density0.05timeout2trials30width100.agents
2.00122,3204,3204,3204,3204,330,5,0.00511279,0,0.0571849,LNS(EECBS;PP),lns_agents_fileNamespaceagents50height100memory_limit16obs_density0.05timeout2trials30width100.agents
2.00492,3620,3621,3620,3620,403,4.76119,0.00949008,0.517939,0.0577459,LNS(EECBS;PP),lns_agents_fileNamespaceagents50height100memory_limit16obs_density0.05timeout2trials30width100.agents
2.00224,3603,3603,3603,3603,347,5,0.00681912,0,0.0590324,LNS(EECBS;PP),lns_agents_fileNamespaceagents50height100memory_limit16obs_density0.05timeout2trials30width100.agents
2.00006,3117,3117,3116,3114,501,4.414,0.00875992,5.97372,0.0569263,LNS(EECBS;PP),lns_agents_fileNamespaceagents50height100memory_limit16obs_density0.05timeout2trials30width100.agents
2.00271,3165,3165,3164,3164,604,4.22388,0.00610593,1.99389,0.0577348,LNS(EECBS;PP),lns_agents_fileNamespaceagents50height100memory_limit16obs_density0.05timeout2trials30width100.agents
2.00288,3467,3467,3466,3466,545,4.21875,0.00644316,1.99356,0.0591486,LNS(EECBS;PP),lns_agents_fileNamespaceagents50height100memory_limit16obs_density0.05timeout2trials30width100.agents
2.0013,2900,2900,2900,2900,342,5,0.00933087,0,0.056481,LNS(EECBS;PP),lns_agents_fileNamespaceagents50height100memory_limit16obs_density0.05timeout2trials30width100.agents
2.0001,3205,3208,3203,3203,351,4.99143,0.00642071,4.09721,0.0571496,LNS(EECBS;PP),lns_agents_fileNamespaceagents50height100memory_limit16obs_density0.05timeout2trials30width100.agents
2.00168,3936,3937,3936,3936,270,4.98885,0.0105882,0.00366127,0.067463,LNS(EECBS;PP),lns_agents_fileNamespaceagents60height100memory_limit16obs_density0.05timeout2trials30width100.agents
2.00316,4055,4057,4055,4055,265,4.96591,0.0125596,0.0441333,0.0712072,LNS(EECBS;PP),lns_agents_fileNamespaceagents60height100memory_limit16obs_density0.05timeout2trials30width100.agents
2.00124,4021,4022,4019,4019,306,4.78361,0.01762,3.99395,0.0691356,LNS(EECBS;PP),lns_agents_fileNamespaceagents60height100memory_limit16obs_density0.05timeout2trials30width100.agents
2.00033,4442,4442,4441,4441,420,4.50358,0.00870857,1.99129,0.0686087,LNS(EECBS;PP),lns_agents_fileNamespaceagents60height100memory_limit16obs_density0.05timeout2trials30width100.agents
2.00288,4314,4317,4314,4314,279,4.89209,0.0131568,2.61996,0.070555,LNS(EECBS;PP),lns_agents_fileNamespaceagents60height100memory_limit16obs_density0.05timeout2trials30width100.agents
2.00283,3794,3794,3793,3793,435,4.3318,0.00893724,1.99106,0.0700582,LNS(EECBS;PP),lns_agents_fileNamespaceagents60height100memory_limit16obs_density0.05timeout2trials30width100.agents
2.0002,3803,3803,3803,3803,267,5,0.00748023,0,0.0687317,LNS(EECBS;PP),lns_agents_fileNamespaceagents60height100memory_limit16obs_density0.05timeout2trials30width100.agents
2.00054,4236,4238,4236,4236,281,4.98929,0.00928591,0.0470188,0.0676793,LNS(EECBS;PP),lns_agents_fileNamespaceagents60height100memory_limit16obs_density0.05timeout2trials30width100.agents
2.00214,4174,4174,4174,4174,264,5,0.014972,0,0.0687401,LNS(EECBS;PP),lns_agents_fileNamespaceagents60height100memory_limit16obs_density0.05timeout2trials30width100.agents
2.00323,4086,4089,4086,4086,267,4.95489,0.0124807,0.117101,0.0683621,LNS(EECBS;PP),lns_agents_fileNamespaceagents60height100memory_limit16obs_density0.05timeout2trials30width100.agents
2.00315,4016,4016,4016,4016,267,5,0.020439,0,0.0708444,LNS(EECBS;PP),lns_agents_fileNamespaceagents60height100memory_limit16obs_density0.05timeout2trials30width100.agents
2.00388,3955,3955,3955,3955,269,5,0.00908518,0,0.0682423,LNS(EECBS;PP),lns_agents_fileNamespaceagents60height100memory_limit16obs_density0.05timeout2trials30width100.agents
2.00246,4794,4794,4794,4794,261,5,0.0151136,0,0.068583,LNS(EECBS;PP),lns_agents_fileNamespaceagents60height100memory_limit16obs_density0.05timeout2trials30width100.agents
2.00241,4101,4101,4101,4101,265,5,0.0122168,0,0.0684201,LNS(EECBS;PP),lns_agents_fileNamespaceagents60height100memory_limit16obs_density0.05timeout2trials30width100.agents
2.00138,3853,3855,3853,3853,275,4.98905,0.0200505,0.00758077,0.0694689,LNS(EECBS;PP),lns_agents_fileNamespaceagents60height100memory_limit16obs_density0.05timeout2trials30width100.agents
2.00301,3998,3998,3998,3998,265,5,0.00816918,0,0.0683426,LNS(EECBS;PP),lns_agents_fileNamespaceagents60height100memory_limit16obs_density0.05timeout2trials30width100.agents
2.00632,3990,3992,3990,3990,263,4.98855,0.0123308,0.0160894,0.0700927,LNS(EECBS;PP),lns_agents_fileNamespaceagents60height100memory_limit16obs_density0.05timeout2trials30width100.agents
2.00198,4036,4036,4036,4036,270,5,0.0108272,0,0.0680948,LNS(EECBS;PP),lns_agents_fileNamespaceagents60height100memory_limit16obs_density0.05timeout2trials30width100.agents
2.00243,3931,3932,3930,3930,424,4.25532,0.0115953,2.02266,0.0689218,LNS(EECBS;PP),lns_agents_fileNamespaceagents60height100memory_limit16obs_density0.05timeout2trials30width100.agents
2.00558,3582,3583,3582,3580,256,4.98824,0.0152473,3.97674,0.0682561,LNS(EECBS;PP),lns_agents_fileNamespaceagents60height100memory_limit16obs_density0.05timeout2trials30width100.agents
2.00326,3664,3667,3664,3664,275,4.9927,0.0115888,1.12387,0.0700808,LNS(EECBS;PP),lns_agents_fileNamespaceagents60height100memory_limit16obs_density0.05timeout2trials30width100.agents
2.00095,4102,4102,4102,4102,277,5,0.00979274,0,0.069876,LNS(EECBS;PP),lns_agents_fileNamespaceagents60height100memory_limit16obs_density0.05timeout2trials30width100.agents
2.00089,4078,4078,4078,4078,276,5,0.0166296,0,0.0685374,LNS(EECBS;PP),lns_agents_fileNamespaceagents60height100memory_limit16obs_density0.05timeout2trials30width100.agents
2.00048,3900,3903,3898,3898,448,4.09172,0.018991,4.1584,0.0683299,LNS(EECBS;PP),lns_agents_fileNamespaceagents60height100memory_limit16obs_density0.05timeout2trials30width100.agents
2.00354,3571,3571,3570,3570,432,4.39907,0.0115617,1.98844,0.0674738,LNS(EECBS;PP),lns_agents_fileNamespaceagents60height100memory_limit16obs_density0.05timeout2trials30width100.agents
2.00046,4134,4134,4132,4130,409,4.22304,0.0183924,7.92643,0.0694127,LNS(EECBS;PP),lns_agents_fileNamespaceagents60height100memory_limit16obs_density0.05timeout2trials30width100.agents
2.00201,3872,3873,3872,3872,259,4.98837,0.0137964,0.0118298,0.0697482,LNS(EECBS;PP),lns_agents_fileNamespaceagents60height100memory_limit16obs_density0.05timeout2trials30width100.agents
2.00211,3818,3818,3815,3815,404,4.38462,0.0145742,5.95628,0.0698017,LNS(EECBS;PP),lns_agents_fileNamespaceagents60height100memory_limit16obs_density0.05timeout2trials30width100.agents
2.00163,3946,3947,3943,3941,381,4.33158,0.0157647,9.97163,0.0694349,LNS(EECBS;PP),lns_agents_fileNamespaceagents60height100memory_limit16obs_density0.05timeout2trials30width100.agents
2.00121,4025,4028,4025,4025,285,4.89437,0.00885199,0.35059,0.0686613,LNS(EECBS;PP),lns_agents_fileNamespaceagents60height100memory_limit16obs_density0.05timeout2trials30width100.agents
0,-1,-1,1731,1731,1,-1,0,1732,0.0344753,LNS(EECBS;PP),lns_agents_fileNamespaceagents30height100memory_limit16obs_density0.05timeout10trials30width100.agents
0,-1,-1,2417,2417,1,-1,0,2418,0.0342185,LNS(EECBS;PP),lns_agents_fileNamespaceagents30height100memory_limit16obs_density0.05timeout10trials30width100.agents
0,-1,-1,1731,1731,1,-1,0,1732,0.0346311,LNS(EECBS;PP),lns_agents_fileNamespaceagents30height100memory_limit16obs_density0.05timeout10trials30width100.agents
0,-1,-1,1877,1877,1,-1,0,1878,0.0347372,LNS(EECBS;PP),lns_agents_fileNamespaceagents30height100memory_limit16obs_density0.05timeout10trials30width100.agents
0,-1,-1,2076,2076,1,-1,0,2077,0.0343871,LNS(EECBS;PP),lns_agents_fileNamespaceagents30height100memory_limit16obs_density0.05timeout10trials30width100.agents
10.0006,2417,2417,2417,2417,934,5,0.0033512,0,0.0341327,LNS(EECBS;PP),lns_agents_fileNamespaceagents30height100memory_limit16obs_density0.05timeout10trials30width100.agents
10.0002,1731,1733,1731,1731,942,4.99362,0.00491518,0.00826225,0.0346232,LNS(EECBS;PP),lns_agents_fileNamespaceagents30height100memory_limit16obs_density0.05timeout10trials30width100.agents
10.0003,1877,1877,1877,1877,934,5,0.00269334,0,0.0347628,LNS(EECBS;PP),lns_agents_fileNamespaceagents30height100memory_limit16obs_density0.05timeout10trials30width100.agents
10.0005,2417,2417,2417,2417,932,5,0.00338211,0,0.0346366,LNS(EECBS;PP),lns_agents_fileNamespaceagents30height100memory_limit16obs_density0.05timeout10trials30width100.agents
0.0922933,2417,2417,2417,2417,54,5,0.00338593,0,0.0346671,LNS(EECBS;PP),lns_agents_fileNamespaceagents30height100memory_limit16obs_density0.05timeout10trials30width100.agents
6.30622,1731,1733,1731,1731,844,4.99288,0.00487709,0.00825811,0.0346195,LNS(EECBS;PP),lns_agents_fileNamespaceagents30height100memory_limit16obs_density0.05timeout10trials30width100.agents
0.00264159,1877,1877,1877,1877,1,0,0.00264159,0,0.0356376,LNS(EECBS;PP),lns_agents_fileNamespaceagents30height100memory_limit16obs_density0.05timeout10trials30width100.agents
0.346689,2076,2076,2076,2076,167,5,0.00349177,0,0.0341671,LNS(EECBS;PP),lns_agents_fileNamespaceagents30height100memory_limit16obs_density0.05timeout10trials30width100.agents
0.215,1986,1986,1986,1986,118,5,0.00680313,0,0.0339942,LNS(EECBS;PP),lns_agents_fileNamespaceagents30height100memory_limit16obs_density0.05timeout10trials30width100.agents
0.149165,2050,2050,2049,2049,107,4.49057,0.00306669,0.144876,0.0340699,LNS(EECBS;PP),lns_agents_fileNamespaceagents30height100memory_limit16obs_density0.05timeout10trials30width100.agents
0.0607386,2027,2027,2027,2027,33,5,0.00452583,0,0.0345023,LNS(EECBS;PP),lns_agents_fileNamespaceagents30height100memory_limit16obs_density0.05timeout10trials30width100.agents
0.130026,1715,1715,1715,1715,70,5,0.00258951,0,0.0348759,LNS(EECBS;PP),lns_agents_fileNamespaceagents30height100memory_limit16obs_density0.05timeout10trials30width100.agents
0.0947523,1996,1996,1996,1996,54,5,0.00457381,0,0.0347733,LNS(EECBS;PP),lns_agents_fileNamespaceagents30height100memory_limit16obs_density0.05timeout10trials30width100.agents
0.0597681,1925,1927,1925,1925,31,4.9,0.00365125,0.00225726,0.034811,LNS(EECBS;PP),lns_agents_fileNamespaceagents30height100memory_limit16obs_density0.05timeout10trials30width100.agents
0.0390531,1583,1583,1583,1583,20,5,0.00553354,0,0.0347984,LNS(EECBS;PP),lns_agents_fileNamespaceagents30height100memory_limit16obs_density0.05timeout10trials30width100.agents
0.0671945,1989,1989,1989,1989,39,5,0.00289586,0,0.0348789,LNS(EECBS;PP),lns_agents_fileNamespaceagents30height100memory_limit16obs_density0.05timeout10trials30width100.agents
0.120177,2113,2113,2113,2113,69,5,0.0038143,0,0.0347305,LNS(EECBS;PP),lns_agents_fileNamespaceagents30height100memory_limit16obs_density0.05timeout10trials30width100.agents
0.094322,2225,2225,2225,2225,48,5,0.00314527,0,0.0346647,LNS(EECBS;PP),lns_agents_fileNamespaceagents30height100memory_limit16obs_density0.05timeout10trials30width100.agents
0.186441,1839,1840,1839,1839,100,4.93939,0.00517657,0.00958275,0.0344406,LNS(EECBS;PP),lns_agents_fileNamespaceagents30height100memory_limit16obs_density0.05timeout10trials30width100.agents
0.0469369,2188,2188,2188,2188,23,5,0.00903418,0,0.0348658,LNS(EECBS;PP),lns_agents_fileNamespaceagents30height100memory_limit16obs_density0.05timeout10trials30width100.agents
4.60387,2151,2151,2148,2148,2104,4.24917,0.00633141,13.7923,0.0342762,LNS(EECBS;PP),lns_agents_fileNamespaceagents30height100memory_limit16obs_density0.05timeout10trials30width100.agents
0.00436047,2197,2197,2197,2197,2,5,0.0031182,0,0.0343877,LNS(EECBS;PP),lns_agents_fileNamespaceagents30height100memory_limit16obs_density0.05timeout10trials30width100.agents
0.149667,1841,1843,1841,1841,85,5,0.0106863,0.165428,0.0358407,LNS(EECBS;PP),lns_agents_fileNamespaceagents30height100memory_limit16obs_density0.05timeout10trials30width100.agents
3.26887,1905,1905,1905,1905,681,5,0.00266579,0,0.0339091,LNS(EECBS;PP),lns_agents_fileNamespaceagents30height100memory_limit16obs_density0.05timeout10trials30width100.agents
0.00305584,2024,2024,2024,2024,1,0,0.00305584,0,0.0362759,LNS(EECBS;PP),lns_agents_fileNamespaceagents30height100memory_limit16obs_density0.05timeout10trials30width100.agents
1.02437,1913,1914,1913,1911,250,4.66667,0.0246632,2.01904,0.0344394,LNS(EECBS;PP),lns_agents_fileNamespaceagents30height100memory_limit16obs_density0.05timeout10trials30width100.agents
0.185617,2159,2159,2159,2159,98,5,0.00660524,0,0.0346452,LNS(EECBS;PP),lns_agents_fileNamespaceagents30height100memory_limit16obs_density0.05timeout10trials30width100.agents
0.0447869,1986,1988,1986,1986,26,4.88,0.00655377,0.00575555,0.0352676,LNS(EECBS;PP),lns_agents_fileNamespaceagents30height100memory_limit16obs_density0.05timeout10trials30width100.agents
0.0280504,2280,2280,2280,2280,14,5,0.00325149,0,0.0345495,LNS(EECBS;PP),lns_agents_fileNamespaceagents30height100memory_limit16obs_density0.05timeout10trials30width100.agents
0.00254447,-1,-1,1863,1863,1,-1,0.00254447,4.26694,0.0348628,LNS(EECBS;PP),lns_agents_fileNamespaceagents30height100memory_limit16obs_density0.05timeout10trials30width100.agents
0.028043,2122,2122,2122,2122,14,5,0.00309683,0,0.0344534,LNS(EECBS;PP),lns_agents_fileNamespaceagents30height100memory_limit16obs_density0.05timeout10trials30width100.agents
0.036422,2029,2029,2029,2029,21,5,0.0060976,0,0.0347612,LNS(EECBS;PP),lns_agents_fileNamespaceagents30height100memory_limit16obs_density0.05timeout10trials30width100.agents
0.0151488,1905,1905,1905,1905,7,5,0.00694505,0,0.0349241,LNS(EECBS;PP),lns_agents_fileNamespaceagents30height100memory_limit16obs_density0.05timeout10trials30width100.agents
0.164004,2045,2045,2045,2045,86,5,0.00478286,0,0.035165,LNS(EECBS;PP),lns_agents_fileNamespaceagents30height100memory_limit16obs_density0.05timeout10trials30width100.agents
0.091871,2417,2417,2417,2417,54,5,0.00328477,0,0.0335335,LNS(EECBS;PP),lns_agents_fileNamespaceagents30height100memory_limit16obs_density0.05timeout1200trials30width100.agents
6.27371,1731,1733,1731,1731,844,4.99288,0.00491845,0.00825215,0.0345236,LNS(EECBS;PP),lns_agents_fileNamespaceagents30height100memory_limit16obs_density0.05timeout1200trials30width100.agents
0.00269016,1877,1877,1877,1877,1,0,0.00269016,0,0.0345718,LNS(EECBS;PP),lns_agents_fileNamespaceagents30height100memory_limit16obs_density0.05timeout1200trials30width100.agents
0.346119,2076,2076,2076,2076,166,5,0.00346049,0,0.03442,LNS(EECBS;PP),lns_agents_fileNamespaceagents30height100memory_limit16obs_density0.05timeout1200trials30width100.agents
0.212794,1986,1986,1986,1986,118,5,0.00758802,0,0.0373184,LNS(EECBS;PP),lns_agents_fileNamespaceagents30height100memory_limit16obs_density0.05timeout1200trials30width100.agents
0.147171,2050,2050,2049,2049,105,4.48077,0.00298645,0.144144,0.0337517,LNS(EECBS;PP),lns_agents_fileNamespaceagents30height100memory_limit16obs_density0.05timeout1200trials30width100.agents
0.0606694,2027,2027,2027,2027,33,5,0.00455355,0,0.0346443,LNS(EECBS;PP),lns_agents_fileNamespaceagents30height100memory_limit16obs_density0.05timeout1200trials30width100.agents
0.128097,1715,1715,1715,1715,69,5,0.00248213,0,0.0337335,LNS(EECBS;PP),lns_agents_fileNamespaceagents30height100memory_limit16obs_density0.05timeout1200trials30width100.agents
0.0878495,1996,1996,1996,1996,49,5,0.00453376,0,0.0343093,LNS(EECBS;PP),lns_agents_fileNamespaceagents30height100memory_limit16obs_density0.05timeout1200trials30width100.agents
0.059157,1925,1927,1925,1925,32,4.90323,0.0036445,0.00222702,0.0345067,LNS(EECBS;PP),lns_agents_fileNamespaceagents30height100memory_limit16obs_density0.05timeout1200trials30width100.agents
0.0402811,1583,1583,1583,1583,21,5,0.00544145,0,0.033719,LNS(EECBS;PP),lns_agents_fileNamespaceagents30height100memory_limit16obs_density0.05timeout1200trials30width100.agents
0.0654513,1989,1989,1989,1989,39,5,0.00282108,0,0.0338668,LNS(EECBS;PP),lns_agents_fileNamespaceagents30height100memory_limit16obs_density0.05timeout1200trials30width100.agents
0.116544,2113,2113,2113,2113,68,5,0.00372318,0,0.033956,LNS(EECBS;PP),lns_agents_fileNamespaceagents30height100memory_limit16obs_density0.05timeout1200trials30width100.agents
0.0916718,2225,2225,2225,2225,47,5,0.0030785,0,0.0338918,LNS(EECBS;PP),lns_agents_fileNamespaceagents30height100memory_limit16obs_density0.05timeout1200trials30width100.agents
0.179187,1839,1840,1839,1839,96,4.93684,0.00508159,0.00985637,0.034309,LNS(EECBS;PP),lns_agents_fileNamespaceagents30height100memory_limit16obs_density0.05timeout1200trials30width100.agents
0.0455295,2188,2188,2188,2188,23,5,0.00881958,0,0.0337843,LNS(EECBS;PP),lns_agents_fileNamespaceagents30height100memory_limit16obs_density0.05timeout1200trials30width100.agents
4.57333,2151,2151,2148,2148,2055,4.2483,0.00754096,13.6923,0.0358717,LNS(EECBS;PP),lns_agents_fileNamespaceagents30height100memory_limit16obs_density0.05timeout1200trials30width100.agents
0.00432779,2197,2197,2197,2197,2,5,0.0030715,0,0.0344288,LNS(EECBS;PP),lns_agents_fileNamespaceagents30height100memory_limit16obs_density0.05timeout1200trials30width100.agents
0.143791,1841,1843,1841,1841,83,5,0.010052,0.16144,0.0337023,LNS(EECBS;PP),lns_agents_fileNamespaceagents30height100memory_limit16obs_density0.05timeout1200trials30width100.agents
141.659,1905,1905,1905,1905,1468,5,0.00263102,0,0.0340808,LNS(EECBS;PP),lns_agents_fileNamespaceagents30height100memory_limit16obs_density0.05timeout1200trials30width100.agents
0.00296683,2024,2024,2024,2024,1,0,0.00296683,0,0.0346378,LNS(EECBS;PP),lns_agents_fileNamespaceagents30height100memory_limit16obs_density0.05timeout1200trials30width100.agents
1.02006,1913,1914,1913,1911,251,4.668,0.024336,2.00931,0.0337931,LNS(EECBS;PP),lns_agents_fileNamespaceagents30height100memory_limit16obs_density0.05timeout1200trials30width100.agents
0.184988,2159,2159,2159,2159,98,5,0.00645315,0,0.0345274,LNS(EECBS;PP),lns_agents_fileNamespaceagents30height100memory_limit16obs_density0.05timeout1200trials30width100.agents
0.0437121,1986,1988,1986,1986,26,4.88,0.0063984,0.00566221,0.0337676,LNS(EECBS;PP),lns_agents_fileNamespaceagents30height100memory_limit16obs_density0.05timeout1200trials30width100.agents
0.0265289,2280,2280,2280,2280,13,5,0.00320255,0,0.0339936,LNS(EECBS;PP),lns_agents_fileNamespaceagents30height100memory_limit16obs_density0.05timeout1200trials30width100.agents
0.0025272,-1,-1,1863,1863,1,-1,0.0025272,4.23621,0.0339359,LNS(EECBS;PP),lns_agents_fileNamespaceagents30height100memory_limit16obs_density0.05timeout1200trials30width100.agents
0.0268418,2122,2122,2122,2122,17,5,0.00294487,0,0.033699,LNS(EECBS;PP),lns_agents_fileNamespaceagents30height100memory_limit16obs_density0.05timeout1200trials30width100.agents
0.0355007,2029,2029,2029,2029,20,5,0.00599687,0,0.0338867,LNS(EECBS;PP),lns_agents_fileNamespaceagents30height100memory_limit16obs_density0.05timeout1200trials30width100.agents
0.0147418,1905,1905,1905,1905,7,5,0.00669273,0,0.0338767,LNS(EECBS;PP),lns_agents_fileNamespaceagents30height100memory_limit16obs_density0.05timeout1200trials30width100.agents
0.159872,2045,2045,2045,2045,84,5,0.00470819,0,0.0339204,LNS(EECBS;PP),lns_agents_fileNamespaceagents30height100memory_limit16obs_density0.05timeout1200trials30width100.agents
0.135499,2427,2427,2427,2427,72,5,0.00453747,0,0.0317594,LNS(EECBS;PP),lns_agents_fileNamespaceagents30height100memory_limit16obs_density0.1timeout1200trials30width100.agents
0.202615,1757,1758,1757,1757,114,4.9823,0.00254786,0.00230171,0.0321537,LNS(EECBS;PP),lns_agents_fileNamespaceagents30height100memory_limit16obs_density0.1timeout1200trials30width100.agents
0.0117407,1891,1891,1891,1891,6,5,0.0027444,0,0.0322043,LNS(EECBS;PP),lns_agents_fileNamespaceagents30height100memory_limit16obs_density0.1timeout1200trials30width100.agents
0.246148,2084,2084,2084,2084,126,5,0.00326105,0,0.0320762,LNS(EECBS;PP),lns_agents_fileNamespaceagents30height100memory_limit16obs_density0.1timeout1200trials30width100.agents
21.2617,2000,2001,2000,2000,1084,4.99446,0.00345851,0.00905457,0.0321385,LNS(EECBS;PP),lns_agents_fileNamespaceagents30height100memory_limit16obs_density0.1timeout1200trials30width100.agents
1200,2056,2056,2055,2055,818566,4.35974,0.00291472,1200,0.0320175,LNS(EECBS;PP),lns_agents_fileNamespaceagents30height100memory_limit16obs_density0.1timeout1200trials30width100.agents
0.079661,2031,2031,2031,2031,48,5,0.00278223,0,0.0320078,LNS(EECBS;PP),lns_agents_fileNamespaceagents30height100memory_limit16obs_density0.1timeout1200trials30width100.agents
0.113423,1721,1721,1721,1721,69,5,0.00432255,0,0.0319767,LNS(EECBS;PP),lns_agents_fileNamespaceagents30height100memory_limit16obs_density0.1timeout1200trials30width100.agents
0.105714,2000,2001,2000,2000,65,4.95312,0.00292509,0.00335845,0.0319483,LNS(EECBS;PP),lns_agents_fileNamespaceagents30height100memory_limit16obs_density0.1timeout1200trials30width100.agents
0.0412543,1929,1929,1929,1929,27,5,0.00282066,0,0.032514,LNS(EECBS;PP),lns_agents_fileNamespaceagents30height100memory_limit16obs_density0.1timeout1200trials30width100.agents
0.0849545,1599,1599,1599,1599,46,5,0.00522117,0,0.0321331,LNS(EECBS;PP),lns_agents_fileNamespaceagents30height100memory_limit16obs_density0.1timeout1200trials30width100.agents
0.103065,1993,1993,1993,1993,58,5,0.00401007,0,0.0320144,LNS(EECBS;PP),lns_agents_fileNamespaceagents30height100memory_limit16obs_density0.1timeout1200trials30width100.agents
0.0871627,2125,2127,2125,2125,50,4.87755,0.00356861,0.00943137,0.0320925,LNS(EECBS;PP),lns_agents_fileNamespaceagents30height100memory_limit16obs_density0.1timeout1200trials30width100.agents
0.00321842,2229,2229,2229,2229,1,0,0.00321842,0,0.0332518,LNS(EECBS;PP),lns_agents_fileNamespaceagents30height100memory_limit16obs_density0.1timeout1200trials30width100.agents
0.5192,1851,1852,1851,1851,239,4.98739,0.00515628,0.00111554,0.032378,LNS(EECBS;PP),lns_agents_fileNamespaceagents30height100memory_limit16obs_density0.1timeout1200trials30width100.agents
0.0243377,2196,2198,2196,2196,14,4.84615,0.00313882,0.00527876,0.0323222,LNS(EECBS;PP),lns_agents_fileNamespaceagents30height100memory_limit16obs_density0.1timeout1200trials30width100.agents
18.4576,2159,2159,2156,2156,11803,4.07338,0.00430413,55.3569,0.0364559,LNS(EECBS;PP),lns_agents_fileNamespaceagents30height100memory_limit16obs_density0.1timeout1200trials30width100.agents
0.0615365,2217,2217,2217,2217,33,5,0.00513408,0,0.0320165,LNS(EECBS;PP),lns_agents_fileNamespaceagents30height100memory_limit16obs_density0.1timeout1200trials30width100.agents
0.307361,1845,1845,1843,1843,166,5,0.00663865,0.599243,0.0322911,LNS(EECBS;PP),lns_agents_fileNamespaceagents30height100memory_limit16obs_density0.1timeout1200trials30width100.agents
0.0332387,1913,1913,1913,1913,21,5,0.0026474,0,0.0326462,LNS(EECBS;PP),lns_agents_fileNamespaceagents30height100memory_limit16obs_density0.1timeout1200trials30width100.agents
0.0463999,2032,2032,2032,2032,29,5,0.00453982,0,0.0320376,LNS(EECBS;PP),lns_agents_fileNamespaceagents30height100memory_limit16obs_density0.1timeout1200trials30width100.agents
2.08029,1927,1927,1925,1923,509,4.72441,0.0209852,8.23494,0.0321293,LNS(EECBS;PP),lns_agents_fileNamespaceagents30height100memory_limit16obs_density0.1timeout1200trials30width100.agents
0.126396,2181,2181,2181,2181,74,5,0.0033254,0,0.0320756,LNS(EECBS;PP),lns_agents_fileNamespaceagents30height100memory_limit16obs_density0.1timeout1200trials30width100.agents
0.229616,1999,1999,1998,1998,164,4.31902,0.00411352,0.225474,0.0321749,LNS(EECBS;PP),lns_agents_fileNamespaceagents30height100memory_limit16obs_density0.1timeout1200trials30width100.agents
0.0893964,2292,2292,2292,2292,47,5,0.003084,0,0.0318549,LNS(EECBS;PP),lns_agents_fileNamespaceagents30height100memory_limit16obs_density0.1timeout1200trials30width100.agents
0.00719428,1879,1879,1879,1879,3,5,0.0048307,0,0.0323245,LNS(EECBS;PP),lns_agents_fileNamespaceagents30height100memory_limit16obs_density0.1timeout1200trials30width100.agents
0.0169855,2138,2138,2138,2138,8,5,0.00290388,0,0.0319858,LNS(EECBS;PP),lns_agents_fileNamespaceagents30height100memory_limit16obs_density0.1timeout1200trials30width100.agents
0.00754782,2033,2033,2033,2033,3,5,0.00425241,0,0.032039,LNS(EECBS;PP),lns_agents_fileNamespaceagents30height100memory_limit16obs_density0.1timeout1200trials30width100.agents
0.0515149,1915,1915,1915,1915,26,5,0.00698854,0,0.0319309,LNS(EECBS;PP),lns_agents_fileNamespaceagents30height100memory_limit16obs_density0.1timeout1200trials30width100.agents
0.143256,2057,2057,2057,2057,79,5,0.00284146,0,0.031967,LNS(EECBS;PP),lns_agents_fileNamespaceagents30height100memory_limit16obs_density0.1timeout1200trials30width100.agents
0.0751457,2417,2417,2417,2417,43,5,0.00616644,0,0.0352717,LNS(EECBS;PP),lns_agents_fileNamespaceagents30height100memory_limit16obs_density0.01timeout1200trials30width100.agents
0.19665,1721,1722,1721,1721,106,4.97143,0.0024967,0.00105447,0.0353677,LNS(EECBS;PP),lns_agents_fileNamespaceagents30height100memory_limit16obs_density0.01timeout1200trials30width100.agents
0.00670471,1875,1875,1875,1875,2,5,0.00267627,0,0.0355213,LNS(EECBS;PP),lns_agents_fileNamespaceagents30height100memory_limit16obs_density0.01timeout1200trials30width100.agents
0.0318637,2074,2074,2074,2074,18,5,0.0034344,0,0.035585,LNS(EECBS;PP),lns_agents_fileNamespaceagents30height100memory_limit16obs_density0.01timeout1200trials30width100.agents
0.133264,1984,1984,1984,1984,67,5,0.00282986,0,0.0353569,LNS(EECBS;PP),lns_agents_fileNamespaceagents30height100memory_limit16obs_density0.01timeout1200trials30width100.agents
0.0235963,2048,2048,2047,2047,17,4.625,0.00301965,0.02009,0.0352562,LNS(EECBS;PP),lns_agents_fileNamespaceagents30height100memory_limit16obs_density0.01timeout1200trials30width100.agents
0.0694391,2025,2025,2025,2025,43,5,0.00458159,0,0.0356696,LNS(EECBS;PP),lns_agents_fileNamespaceagents30height100memory_limit16obs_density0.01timeout1200trials30width100.agents
0.0483503,1713,1713,1713,1713,30,5,0.00247741,0,0.0357415,LNS(EECBS;PP),lns_agents_fileNamespaceagents30height100memory_limit16obs_density0.01timeout1200trials30width100.agents
0.0467842,1992,1992,1992,1992,28,5,0.00298147,0,0.0354741,LNS(EECBS;PP),lns_agents_fileNamespaceagents30height100memory_limit16obs_density0.01timeout1200trials30width100.agents
0.26983,1925,1926,1925,1925,142,4.97872,0.004276,0.00112718,0.035595,LNS(EECBS;PP),lns_agents_fileNamespaceagents30height100memory_limit16obs_density0.01timeout1200trials30width100.agents
0.00227418,-1,-1,1575,1575,1,-1,0.00227418,3.0475,0.0356399,LNS(EECBS;PP),lns_agents_fileNamespaceagents30height100memory_limit16obs_density0.01timeout1200trials30width100.agents
0.0627373,1989,1989,1989,1989,37,5,0.00459849,0,0.0352335,LNS(EECBS;PP),lns_agents_fileNamespaceagents30height100memory_limit16obs_density0.01timeout1200trials30width100.agents
0.260896,2109,2109,2109,2109,139,5,0.00443706,0,0.0362106,LNS(EECBS;PP),lns_agents_fileNamespaceagents30height100memory_limit16obs_density0.01timeout1200trials30width100.agents
0.40852,2225,2225,2225,2225,196,5,0.0031601,0,0.0356193,LNS(EECBS;PP),lns_agents_fileNamespaceagents30height100memory_limit16obs_density0.01timeout1200trials30width100.agents
0.00266214,1827,1827,1827,1827,1,0,0.00266214,0,0.0357564,LNS(EECBS;PP),lns_agents_fileNamespaceagents30height100memory_limit16obs_density0.01timeout1200trials30width100.agents
0.0152412,2184,2184,2184,2184,6,5,0.00555542,0,0.0354738,LNS(EECBS;PP),lns_agents_fileNamespaceagents30height100memory_limit16obs_density0.01timeout1200trials30width100.agents
0.362127,2149,2149,2148,2148,199,4.40909,0.00532022,0.35549,0.0365711,LNS(EECBS;PP),lns_agents_fileNamespaceagents30height100memory_limit16obs_density0.01timeout1200trials30width100.agents
0.176386,2185,2185,2185,2185,98,5,0.00301675,0,0.0354111,LNS(EECBS;PP),lns_agents_fileNamespaceagents30height100memory_limit16obs_density0.01timeout1200trials30width100.agents
0.131706,1839,1839,1839,1839,74,5,0.00727921,0,0.0356338,LNS(EECBS;PP),lns_agents_fileNamespaceagents30height100memory_limit16obs_density0.01timeout1200trials30width100.agents
17.9651,1899,1899,1899,1899,1071,5,0.00458241,0,0.0357803,LNS(EECBS;PP),lns_agents_fileNamespaceagents30height100memory_limit16obs_density0.01timeout1200trials30width100.agents
0.109089,2018,2018,2018,2018,64,5,0.00298395,0,0.0367394,LNS(EECBS;PP),lns_agents_fileNamespaceagents30height100memory_limit16obs_density0.01timeout1200trials30width100.agents
0.266109,1907,1907,1907,1907,144,5,0.00800654,0,0.035423,LNS(EECBS;PP),lns_agents_fileNamespaceagents30height100memory_limit16obs_density0.01timeout1200trials30width100.agents
0.0602027,2148,2148,2147,2147,35,4.55882,0.00443483,0.054555,0.0358002,LNS(EECBS;PP),lns_agents_fileNamespaceagents30height100memory_limit16obs_density0.01timeout1200trials30width100.agents
0.00278892,1986,1986,1986,1986,1,0,0.00278892,0,0.0363138,LNS(EECBS;PP),lns_agents_fileNamespaceagents30height100memory_limit16obs_density0.01timeout1200trials30width100.agents
0.117885,2274,2274,2274,2274,62,5,0.0031647,0,0.0354204,LNS(EECBS;PP),lns_agents_fileNamespaceagents30height100memory_limit16obs_density0.01timeout1200trials30width100.agents
0.138159,1859,1859,1859,1859,81,5,0.00267474,0,0.0354293,LNS(EECBS;PP),lns_agents_fileNamespaceagents30height100memory_limit16obs_density0.01timeout1200trials30width100.agents
0.0277806,2118,2118,2118,2118,13,5,0.00301582,0,0.0352745,LNS(EECBS;PP),lns_agents_fileNamespaceagents30height100memory_limit16obs_density0.01timeout1200trials30width100.agents
0.0369682,2025,2025,2025,2025,22,5,0.00289277,0,0.0354273,LNS(EECBS;PP),lns_agents_fileNamespaceagents30height100memory_limit16obs_density0.01timeout1200trials30width100.agents
0.00805007,1901,1901,1901,1901,2,5,0.00658023,0,0.0358455,LNS(EECBS;PP),lns_agents_fileNamespaceagents30height100memory_limit16obs_density0.01timeout1200trials30width100.agents
0.10706,2035,2035,2035,2035,55,5,0.00494107,0,0.0353804,LNS(EECBS;PP),lns_agents_fileNamespaceagents30height100memory_limit16obs_density0.01timeout1200trials30width100.agents
0.0926974,2417,2417,2417,2417,54,5,0.00335134,0,0.0344466,LNS(EECBS;PP),lns_agents_fileNamespaceagents30height100memory_limit16obs_density0.05timeout10trials1width100.agents
0.0918066,2417,2417,2417,2417,54,5,0.00334809,0,0.0347534,LNS(EECBS;PP),lns_agents_fileNamespaceagents30height100memory_limit16obs_density0.05timeout1200trials30width100.agents
6.24987,1731,1733,1731,1731,848,4.99292,0.00493557,0.00821648,0.0344945,LNS(EECBS;PP),lns_agents_fileNamespaceagents30height100memory_limit16obs_density0.05timeout1200trials30width100.agents
0.00263892,1877,1877,1877,1877,1,0,0.00263892,0,0.0345921,LNS(EECBS;PP),lns_agents_fileNamespaceagents30height100memory_limit16obs_density0.05timeout1200trials30width100.agents
0.342623,2076,2076,2076,2076,166,5,0.00341396,0,0.0341324,LNS(EECBS;PP),lns_agents_fileNamespaceagents30height100memory_limit16obs_density0.05timeout1200trials30width100.agents
0.141509,2427,2427,2427,2427,73,5,0.00440568,0,0.0321135,LNS(EECBS;PP),lns_agents_fileNamespaceagents30height100memory_limit16obs_density0.1timeout1200trials30width100.agents
0.205281,1757,1758,1757,1757,112,4.98198,0.00258616,0.00235737,0.0327489,LNS(EECBS;PP),lns_agents_fileNamespaceagents30height100memory_limit16obs_density0.1timeout1200trials30width100.agents
0.0924847,2417,2417,2417,2417,53,5,0.00340172,0,0.0342225,LNS(EECBS;PP),lns_agents_fileNamespaceagents30height100memory_limit16obs_density0.05timeout10trials30width100.agents
0.0919868,2417,2417,2417,2417,54,5,0.00333395,0,0.0342611,LNS(EECBS;PP),lns_agents_fileNamespaceagents30height100memory_limit16obs_density0.05timeout10trials1width100.agents
0.0921021,2417,2417,2417,2417,54,5,0.00334943,0,0.0344501,LNS(EECBS;PP),lns_agents_fileNamespaceagents30height100memory_limit16obs_density0.05timeout10trials30width100.agents
6.21871,1731,1733,1731,1731,847,4.99291,0.00490252,0.00813328,0.0342113,LNS(EECBS;PP),lns_agents_fileNamespaceagents30height100memory_limit16obs_density0.05timeout10trials30width100.agents
0.00263992,1877,1877,1877,1877,1,0,0.00263992,0,0.0352116,LNS(EECBS;PP),lns_agents_fileNamespaceagents30height100memory_limit16obs_density0.05timeout10trials30width100.agents
0.345791,2076,2076,2076,2076,170,5,0.00349136,0,0.0343989,LNS(EECBS;PP),lns_agents_fileNamespaceagents30height100memory_limit16obs_density0.05timeout10trials30width100.agents
0.209061,1986,1986,1986,1986,117,5,0.00663103,0,0.0339839,LNS(EECBS;PP),lns_agents_fileNamespaceagents30height100memory_limit16obs_density0.05timeout10trials30width100.agents
0.149121,2050,2050,2049,2049,106,4.48571,0.00299216,0.146113,0.0338306,LNS(EECBS;PP),lns_agents_fileNamespaceagents30height100memory_limit16obs_density0.05timeout10trials30width100.agents
0.0615475,2027,2027,2027,2027,33,5,0.00456146,0,0.034526,LNS(EECBS;PP),lns_agents_fileNamespaceagents30height100memory_limit16obs_density0.05timeout10trials30width100.agents
0.12852,1715,1715,1715,1715,69,5,0.00249158,0,0.0341847,LNS(EECBS;PP),lns_agents_fileNamespaceagents30height100memory_limit16obs_density0.05timeout10trials30width100.agents
0.0887766,1996,1996,1996,1996,49,5,0.00459738,0,0.0348484,LNS(EECBS;PP),lns_agents_fileNamespaceagents30height100memory_limit16obs_density0.05timeout10trials30width100.agents
0.0599678,1925,1927,1925,1925,31,4.9,0.00365215,0.00221787,0.0348432,LNS(EECBS;PP),lns_agents_fileNamespaceagents30height100memory_limit16obs_density0.05timeout10trials30width100.agents
0.0395707,1583,1583,1583,1583,20,5,0.00553945,0,0.0346273,LNS(EECBS;PP),lns_agents_fileNamespaceagents30height100memory_limit16obs_density0.05timeout10trials30width100.agents
0.0669218,1989,1989,1989,1989,39,5,0.00289469,0,0.0345918,LNS(EECBS;PP),lns_agents_fileNamespaceagents30height100memory_limit16obs_density0.05timeout10trials30width100.agents
0.117789,2113,2113,2113,2113,68,5,0.00382449,0,0.0351246,LNS(EECBS;PP),lns_agents_fileNamespaceagents30height100memory_limit16obs_density0.05timeout10trials30width100.agents
0.094879,2225,2225,2225,2225,48,5,0.00316556,0,0.0350253,LNS(EECBS;PP),lns_agents_fileNamespaceagents30height100memory_limit16obs_density0.05timeout10trials30width100.agents
0.185876,1839,1840,1839,1839,99,4.93878,0.00521555,0.00972679,0.0345096,LNS(EECBS;PP),lns_agents_fileNamespaceagents30height100memory_limit16obs_density0.05timeout10trials30width100.agents
0.0462073,2188,2188,2188,2188,23,5,0.00893098,0,0.0349357,LNS(EECBS;PP),lns_agents_fileNamespaceagents30height100memory_limit16obs_density0.05timeout10trials30width100.agents
4.59441,2151,2151,2148,2148,2134,4.24379,0.00633009,13.764,0.0341815,LNS(EECBS;PP),lns_agents_fileNamespaceagents30height100memory_limit16obs_density0.05timeout10trials30width100.agents
0.00433586,2197,2197,2197,2197,2,5,0.00308259,0,0.034636,LNS(EECBS;PP),lns_agents_fileNamespaceagents30height100memory_limit16obs_density0.05timeout10trials30width100.agents
0.14574,1841,1843,1841,1841,81,5,0.0103472,0.168006,0.0356172,LNS(EECBS;PP),lns_agents_fileNamespaceagents30height100memory_limit16obs_density0.05timeout10trials30width100.agents
3.26328,1905,1905,1905,1905,680,5,0.00268923,0,0.03466,LNS(EECBS;PP),lns_agents_fileNamespaceagents30height100memory_limit16obs_density0.05timeout10trials30width100.agents
0.00294033,2024,2024,2024,2024,1,0,0.00294033,0,0.0341117,LNS(EECBS;PP),lns_agents_fileNamespaceagents30height100memory_limit16obs_density0.05timeout10trials30width100.agents
1.01967,1913,1914,1913,1911,247,4.6626,0.0250289,2.00907,0.0339097,LNS(EECBS;PP),lns_agents_fileNamespaceagents30height100memory_limit16obs_density0.05timeout10trials30width100.agents
0.186395,2159,2159,2159,2159,100,5,0.00643948,0,0.0340731,LNS(EECBS;PP),lns_agents_fileNamespaceagents30height100memory_limit16obs_density0.05timeout10trials30width100.agents
0.0454418,1986,1988,1986,1986,26,4.88,0.00668345,0.00591638,0.0353042,LNS(EECBS;PP),lns_agents_fileNamespaceagents30height100memory_limit16obs_density0.05timeout10trials30width100.agents
0.0271756,2280,2280,2280,2280,13,5,0.00330234,0,0.0346887,LNS(EECBS;PP),lns_agents_fileNamespaceagents30height100memory_limit16obs_density0.05timeout10trials30width100.agents
0.0025571,-1,-1,1863,1863,1,-1,0.0025571,4.29118,0.036112,LNS(EECBS;PP),lns_agents_fileNamespaceagents30height100memory_limit16obs_density0.05timeout10trials30width100.agents
0.027323,2122,2122,2122,2122,15,5,0.00300104,0,0.0350839,LNS(EECBS;PP),lns_agents_fileNamespaceagents30height100memory_limit16obs_density0.05timeout10trials30width100.agents
0.0364558,2029,2029,2029,2029,20,5,0.00623171,0,0.0343883,LNS(EECBS;PP),lns_agents_fileNamespaceagents30height100memory_limit16obs_density0.05timeout10trials30width100.agents
0.015203,1905,1905,1905,1905,7,5,0.00687746,0,0.0349592,LNS(EECBS;PP),lns_agents_fileNamespaceagents30height100memory_limit16obs_density0.05timeout10trials30width100.agents
0.163239,2045,2045,2045,2045,85,5,0.00486526,0,0.0343304,LNS(EECBS;PP),lns_agents_fileNamespaceagents30height100memory_limit16obs_density0.05timeout10trials30width100.agents
0.138688,2427,2427,2427,2427,72,5,0.00469494,0,0.033569,LNS(EECBS;PP),lns_agents_fileNamespaceagents30height100memory_limit16obs_density0.1timeout10trials30width100.agents
0.205121,1757,1758,1757,1757,117,4.98276,0.00256236,0.00237043,0.0328556,LNS(EECBS;PP),lns_agents_fileNamespaceagents30height100memory_limit16obs_density0.1timeout10trials30width100.agents
0.0117818,1891,1891,1891,1891,6,5,0.00268798,0,0.0326801,LNS(EECBS;PP),lns_agents_fileNamespaceagents30height100memory_limit16obs_density0.1timeout10trials30width100.agents
0.249988,2084,2084,2084,2084,131,5,0.00330281,0,0.032553,LNS(EECBS;PP),lns_agents_fileNamespaceagents30height100memory_limit16obs_density0.1timeout10trials30width100.agents
9.87518,2000,2001,2000,2000,931,4.99355,0.00348419,0.00895527,0.0321103,LNS(EECBS;PP),lns_agents_fileNamespaceagents30height100memory_limit16obs_density0.1timeout10trials30width100.agents
10.0008,2056,2056,2055,2055,6637,4.11844,0.00289452,9.99711,0.03216,LNS(EECBS;PP),lns_agents_fileNamespaceagents30height100memory_limit16obs_density0.1timeout10trials30width100.agents
0.0809116,2031,2031,2031,2031,48,5,0.00282306,0,0.032737,LNS(EECBS;PP),lns_agents_fileNamespaceagents30height100memory_limit16obs_density0.1timeout10trials30width100.agents
0.115379,1721,1721,1721,1721,70,5,0.00431508,0,0.0322011,LNS(EECBS;PP),lns_agents_fileNamespaceagents30height100memory_limit16obs_density0.1timeout10trials30width100.agents
0.10603,2000,2001,2000,2000,64,4.95238,0.00295845,0.00338686,0.0326274,LNS(EECBS;PP),lns_agents_fileNamespaceagents30height100memory_limit16obs_density0.1timeout10trials30width100.agents
0.0410556,1929,1929,1929,1929,26,5,0.00286164,0,0.0326432,LNS(EECBS;PP),lns_agents_fileNamespaceagents30height100memory_limit16obs_density0.1timeout10trials30width100.agents
0.0870555,1599,1599,1599,1599,46,5,0.00531103,0,0.0325655,LNS(EECBS;PP),lns_agents_fileNamespaceagents30height100memory_limit16obs_density0.1timeout10trials30width100.agents
0.104297,1993,1993,1993,1993,58,5,0.0040922,0,0.0327027,LNS(EECBS;PP),lns_agents_fileNamespaceagents30height100memory_limit16obs_density0.1timeout10trials30width100.agents
0.0901562,2125,2127,2125,2125,52,4.88235,0.00357675,0.00948948,0.0326015,LNS(EECBS;PP),lns_agents_fileNamespaceagents30height100memory_limit16obs_density0.1timeout10trials30width100.agents
0.00306108,2229,2229,2229,2229,1,0,0.00306108,0,0.0325818,LNS(EECBS;PP),lns_agents_fileNamespaceagents30height100memory_limit16obs_density0.1timeout10trials30width100.agents
0.523636,1851,1852,1851,1851,238,4.98734,0.00515109,0.00113366,0.0323538,LNS(EECBS;PP),lns_agents_fileNamespaceagents30height100memory_limit16obs_density0.1timeout10trials30width100.agents
0.0241225,2196,2198,2196,2196,13,4.83333,0.00324778,0.00534254,0.0326569,LNS(EECBS;PP),lns_agents_fileNamespaceagents30height100memory_limit16obs_density0.1timeout10trials30width100.agents
9.41667,2159,2159,2156,2156,5999,4.08369,0.00374981,28.2374,0.0321335,LNS(EECBS;PP),lns_agents_fileNamespaceagents30height100memory_limit16obs_density0.1timeout10trials30width100.agents
0.0603537,2217,2217,2217,2217,31,5,0.00503308,0,0.0317167,LNS(EECBS;PP),lns_agents_fileNamespaceagents30height100memory_limit16obs_density0.1timeout10trials30width100.agents
0.315236,1845,1845,1843,1843,165,5,0.00668363,0.615451,0.0320261,LNS(EECBS;PP),lns_agents_fileNamespaceagents30height100memory_limit16obs_density0.1timeout10trials30width100.agents
0.0339829,1913,1913,1913,1913,21,5,0.00259217,0,0.032123,LNS(EECBS;PP),lns_agents_fileNamespaceagents30height100memory_limit16obs_density0.1timeout10trials30width100.agents
0.0467194,2032,2032,2032,2032,28,5,0.00457762,0,0.032207,LNS(EECBS;PP),lns_agents_fileNamespaceagents30height100memory_limit16obs_density0.1timeout10trials30width100.agents
2.07804,1927,1927,1925,1923,506,4.73069,0.021692,8.22347,0.0324816,LNS(EECBS;PP),lns_agents_fileNamespaceagents30height100memory_limit16obs_density0.1timeout10trials30width100.agents
0.129459,2181,2181,2181,2181,74,5,0.00339847,0,0.0330377,LNS(EECBS;PP),lns_agents_fileNamespaceagents30height100memory_limit16obs_density0.1timeout10trials30width100.agents
0.235512,1999,1999,1998,1998,166,4.32727,0.00415959,0.230662,0.0327046,LNS(EECBS;PP),lns_agents_fileNamespaceagents30height100memory_limit16obs_density0.1timeout10trials30width100.agents
0.0906897,2292,2292,2292,2292,45,5,0.00310079,0,0.0320127,LNS(EECBS;PP),lns_agents_fileNamespaceagents30height100memory_limit16obs_density0.1timeout10trials30width100.agents
0.00719618,1879,1879,1879,1879,3,5,0.00488415,0,0.032349,LNS(EECBS;PP),lns_agents_fileNamespaceagents30height100memory_limit16obs_density0.1timeout10trials30width100.agents
0.0171835,2138,2138,2138,2138,8,5,0.00288198,0,0.0322476,LNS(EECBS;PP),lns_agents_fileNamespaceagents30height100memory_limit16obs_density0.1timeout10trials30width100.agents
0.00751074,2033,2033,2033,2033,3,5,0.00433967,0,0.0324915,LNS(EECBS;PP),lns_agents_fileNamespaceagents30height100memory_limit16obs_density0.1timeout10trials30width100.agents
0.0529346,1915,1915,1915,1915,26,5,0.00716102,0,0.0325104,LNS(EECBS;PP),lns_agents_fileNamespaceagents30height100memory_limit16obs_density0.1timeout10trials30width100.agents
0.141345,2057,2057,2057,2057,77,5,0.002819,0,0.0317361,LNS(EECBS;PP),lns_agents_fileNamespaceagents30height100memory_limit16obs_density0.1timeout10trials30width100.agents
0.0750598,2417,2417,2417,2417,43,5,0.00626612,0,0.0360947,LNS(EECBS;PP),lns_agents_fileNamespaceagents30height100memory_limit16obs_density0.01timeout10trials30width100.agents
0.202573,1721,1722,1721,1721,108,4.97196,0.00256212,0.00106198,0.0355855,LNS(EECBS;PP),lns_agents_fileNamespaceagents30height100memory_limit16obs_density0.01timeout10trials30width100.agents
0.00674118,1875,1875,1875,1875,2,5,0.0027311,0,0.0373033,LNS(EECBS;PP),lns_agents_fileNamespaceagents30height100memory_limit16obs_density0.01timeout10trials30width100.agents
0.0324157,2074,2074,2074,2074,18,5,0.00353844,0,0.0361659,LNS(EECBS;PP),lns_agents_fileNamespaceagents30height100memory_limit16obs_density0.01timeout10trials30width100.agents
0.135562,1984,1984,1984,1984,67,5,0.00293089,0,0.0361129,LNS(EECBS;PP),lns_agents_fileNamespaceagents30height100memory_limit16obs_density0.01timeout10trials30width100.agents
0.0240223,2048,2048,2047,2047,17,4.625,0.00303626,0.020754,0.0353504,LNS(EECBS;PP),lns_agents_fileNamespaceagents30height100memory_limit16obs_density0.01timeout10trials30width100.agents
0.0695053,2025,2025,2025,2025,42,5,0.00466359,0,0.0361406,LNS(EECBS;PP),lns_agents_fileNamespaceagents30height100memory_limit16obs_density0.01timeout10trials30width100.agents
0.0479262,1713,1713,1713,1713,29,5,0.00255716,0,0.0360872,LNS(EECBS;PP),lns_agents_fileNamespaceagents30height100memory_limit16obs_density0.01timeout10trials30width100.agents
0.0475189,1992,1992,1992,1992,29,5,0.00303372,0,0.036127,LNS(EECBS;PP),lns_agents_fileNamespaceagents30height100memory_limit16obs_density0.01timeout10trials30width100.agents
0.273706,1925,1926,1925,1925,143,4.97887,0.00430072,0.00108409,0.0353783,LNS(EECBS;PP),lns_agents_fileNamespaceagents30height100memory_limit16obs_density0.01timeout10trials30width100.agents
0.00234662,-1,-1,1575,1575,1,-1,0.00234662,3.16489,0.0362255,LNS(EECBS;PP),lns_agents_fileNamespaceagents30height100memory_limit16obs_density0.01timeout10trials30width100.agents
0.0624131,1989,1989,1989,1989,37,5,0.00467256,0,0.0360189,LNS(EECBS;PP),lns_agents_fileNamespaceagents30height100memory_limit16obs_density0.01timeout10trials30width100.agents
0.264644,2109,2109,2109,2109,139,5,0.00453628,0,0.0361284,LNS(EECBS;PP),lns_agents_fileNamespaceagents30height100memory_limit16obs_density0.01timeout10trials30width100.agents
0.412083,2225,2225,2225,2225,198,5,0.00324629,0,0.035875,LNS(EECBS;PP),lns_agents_fileNamespaceagents30height100memory_limit16obs_density0.01timeout10trials30width100.agents
0.00264425,1827,1827,1827,1827,1,0,0.00264425,0,0.0358426,LNS(EECBS;PP),lns_agents_fileNamespaceagents30height100memory_limit16obs_density0.01timeout10trials30width100.agents
0.0163168,2184,2184,2184,2184,5,5,0.00553058,0,0.0354291,LNS(EECBS;PP),lns_agents_fileNamespaceagents30height100memory_limit16obs_density0.01timeout10trials30width100.agents
0.36464,2149,2149,2148,2148,202,4.41791,0.00482231,0.359785,0.0354616,LNS(EECBS;PP),lns_agents_fileNamespaceagents30height100memory_limit16obs_density0.01timeout10trials30width100.agents
0.177782,2185,2185,2185,2185,99,5,0.00304007,0,0.0353075,LNS(EECBS;PP),lns_agents_fileNamespaceagents30height100memory_limit16obs_density0.01timeout10trials30width100.agents
0.134408,1839,1839,1839,1839,76,5,0.00715628,0,0.0356684,LNS(EECBS;PP),lns_agents_fileNamespaceagents30height100memory_limit16obs_density0.01timeout10trials30width100.agents
0.0211277,1899,1899,1899,1899,10,5,0.00457247,0,0.0354748,LNS(EECBS;PP),lns_agents_fileNamespaceagents30height100memory_limit16obs_density0.01timeout10trials30width100.agents
0.111631,2018,2018,2018,2018,66,5,0.00298913,0,0.0373458,LNS(EECBS;PP),lns_agents_fileNamespaceagents30height100memory_limit16obs_density0.01timeout10trials30width100.agents
0.27,1907,1907,1907,1907,145,5,0.00797729,0,0.0356028,LNS(EECBS;PP),lns_agents_fileNamespaceagents30height100memory_limit16obs_density0.01timeout10trials30width100.agents
0.0603689,2148,2148,2147,2147,35,4.55882,0.00436202,0.0558287,0.0361814,LNS(EECBS;PP),lns_agents_fileNamespaceagents30height100memory_limit16obs_density0.01timeout10trials30width100.agents
0.0028721,1986,1986,1986,1986,1,0,0.0028721,0,0.0363134,LNS(EECBS;PP),lns_agents_fileNamespaceagents30height100memory_limit16obs_density0.01timeout10trials30width100.agents
0.121955,2274,2274,2274,2274,63,5,0.00320668,0,0.0361208,LNS(EECBS;PP),lns_agents_fileNamespaceagents30height100memory_limit16obs_density0.01timeout10trials30width100.agents
0.139745,1859,1859,1859,1859,81,5,0.00272808,0,0.0362612,LNS(EECBS;PP),lns_agents_fileNamespaceagents30height100memory_limit16obs_density0.01timeout10trials30width100.agents
0.029314,2118,2118,2118,2118,14,5,0.00306734,0,0.037036,LNS(EECBS;PP),lns_agents_fileNamespaceagents30height100memory_limit16obs_density0.01timeout10trials30width100.agents
0.0384978,2025,2025,2025,2025,23,5,0.00294337,0,0.0361649,LNS(EECBS;PP),lns_agents_fileNamespaceagents30height100memory_limit16obs_density0.01timeout10trials30width100.agents
0.00916,1901,1901,1901,1901,3,5,0.00669452,0,0.0356813,LNS(EECBS;PP),lns_agents_fileNamespaceagents30height100memory_limit16obs_density0.01timeout10trials30width100.agents
0.109744,2035,2035,2035,2035,56,5,0.00505653,0,0.0358628,LNS(EECBS;PP),lns_agents_fileNamespaceagents30height100memory_limit16obs_density0.01timeout10trials30width100.agents
2.00003,842,842,842,842,978,5,0.00109891,0,0.0117324,LNS(EECBS;PP),lns_agents_fileNamespaceagents10height100memory_limit16obs_density0.01timeout2trials30width100.agents
2,596,596,596,596,994,5,0.000775267,0,0.0119132,LNS(EECBS;PP),lns_agents_fileNamespaceagents10height100memory_limit16obs_density0.01timeout2trials30width100.agents
2.00006,670,670,670,670,985,5,0.000887695,0,0.0118562,LNS(EECBS;PP),lns_agents_fileNamespaceagents10height100memory_limit16obs_density0.01timeout2trials30width100.agents
2.00007,765,765,765,765,994,5,0.00101748,0,0.0121128,LNS(EECBS;PP),lns_agents_fileNamespaceagents10height100memory_limit16obs_density0.01timeout2trials30width100.agents
2.00004,653,653,653,653,987,5,0.000870115,0,0.0119405,LNS(EECBS;PP),lns_agents_fileNamespaceagents10height100memory_limit16obs_density0.01timeout2trials30width100.agents
2,769,769,769,769,1011,5,0.000957647,0,0.0118306,LNS(EECBS;PP),lns_agents_fileNamespaceagents10height100memory_limit16obs_density0.01timeout2trials30width100.agents
2.00002,780,780,780,780,985,5,0.00114151,0,0.0124733,LNS(EECBS;PP),lns_agents_fileNamespaceagents10height100memory_limit16obs_density0.01timeout2trials30width100.agents
2.00003,733,733,733,733,989,5,0.00289827,0,0.0120988,LNS(EECBS;PP),lns_agents_fileNamespaceagents10height100memory_limit16obs_density0.01timeout2trials30width100.agents
2.00001,648,648,648,648,1013,5,0.000928383,0,0.011867,LNS(EECBS;PP),lns_agents_fileNamespaceagents10height100memory_limit16obs_density0.01timeout2trials30width100.agents
2.00004,544,544,544,544,975,5,0.000743166,0,0.0120066,LNS(EECBS;PP),lns_agents_fileNamespaceagents10height100memory_limit16obs_density0.01timeout2trials30width100.agents
